timestamp,temperature,humidity,soil_moisture,light,rainfall,image_status,vision_confidence,uncertainty_case,robot_x_m,robot_y_m,robot_heading_deg,region_id,path_segment,patrol_loop
2026-08-03 00:00,17.6,73.2,37.8,0,0.0,healthy,0.95,normal,10.0,11.0,90,R01C01,row_1,1
2026-08-03 01:00,19.0,75.3,37.5,0,0.0,healthy,0.95,normal,31.0,10.9,90,R01C02,row_1,1
2026-08-03 02:00,20.9,72.2,37.6,0,0.0,healthy,0.93,normal,51.5,10.5,90,R01C03,row_1,1
2026-08-03 03:00,20.3,72.2,37.3,0,0.0,healthy,0.92,normal,71.3,10.1,90,R01C04,row_1,1
2026-08-03 04:00,22.2,78.6,36.5,0,0.0,healthy,0.83,normal,90.5,9.6,90,R01C05,row_1,1
2026-08-03 05:00,22.4,75.4,36.5,0,0.0,healthy,0.95,normal,109.5,9.2,90,R01C06,row_1,1
2026-08-03 06:00,25.9,52.5,35.7,0,0.0,pest,0.64,normal,108.7,29.0,270,R02C06,row_2,1
2026-08-03 07:00,28.6,58.2,34.9,205,0.0,healthy,0.88,normal,88.5,29.1,270,R02C05,row_2,1
2026-08-03 08:00,30.8,59.3,34.2,470,0.0,healthy,0.95,normal,69.1,29.3,270,R02C04,row_2,1
2026-08-03 09:00,32.8,58.6,32.4,566,0.0,healthy,0.91,normal,50.0,29.8,270,R02C03,row_2,1
2026-08-03 10:00,32.3,69.2,31.3,716,0.0,healthy,0.89,normal,31.0,30.3,270,R02C02,row_2,1
2026-08-03 11:00,31.7,63.5,29.7,972,0.0,healthy,0.84,normal,11.5,30.7,270,R02C01,row_2,1
2026-08-03 12:00,37.3,62.6,28.1,899,0.0,healthy,0.84,normal,11.3,51.0,90,R03C01,row_3,1
2026-08-03 13:00,34.3,59.3,26.1,866,0.0,healthy,0.96,normal,30.5,51.0,90,R03C02,row_3,1
2026-08-03 14:00,33.3,60.1,24.3,867,0.0,healthy,0.95,normal,49.5,50.8,90,R03C03,row_3,1
2026-08-03 15:00,30.9,57.5,22.6,689,0.0,healthy,0.83,normal,68.7,50.3,90,R03C04,row_3,1
2026-08-03 16:00,30.0,56.9,21.2,448,0.0,drought,0.86,normal,88.5,49.9,90,R03C05,row_3,1
2026-08-03 17:00,31.4,57.3,19.8,222,0.0,drought,0.90,normal,109.1,49.4,90,R03C06,row_3,1
2026-08-03 18:00,27.1,65.0,19.2,0,0.0,healthy,0.93,normal,110.1,69.1,270,R04C06,row_4,1
2026-08-03 19:00,27.1,68.7,18.5,0,0.0,healthy,0.84,normal,91.0,69.0,270,R04C05,row_4,1
2026-08-03 20:00,23.4,75.4,17.9,0,0.0,healthy,0.90,normal,71.5,69.2,270,R04C04,row_4,1
2026-08-03 21:00,18.1,88.8,18.4,0,0.0,healthy,0.84,normal,51.3,69.5,270,R04C03,row_4,1
2026-08-03 22:00,21.1,72.5,17.8,0,0.0,healthy,0.97,normal,30.5,70.0,270,R04C02,row_4,1
2026-08-03 23:00,18.0,74.3,17.5,0,0.0,healthy,0.84,normal,9.4,70.5,270,R04C01,row_4,1
2026-08-04 00:00,21.1,74.1,17.7,0,0.0,healthy,0.90,normal,8.7,10.8,90,R01C01,row_1,2
2026-08-04 01:00,19.4,65.0,17.7,0,0.0,healthy,0.89,normal,28.5,11.0,90,R01C02,row_1,2
2026-08-04 02:00,18.7,72.8,17.5,0,0.0,healthy,0.89,normal,49.1,10.9,90,R01C03,row_1,2
2026-08-04 03:00,19.5,87.2,17.2,0,0.0,healthy,0.91,normal,70.1,10.6,90,R01C04,row_1,2
2026-08-04 04:00,21.0,78.1,16.9,0,0.0,healthy,0.82,normal,91.0,10.1,90,R01C05,row_1,2
2026-08-04 05:00,23.3,71.5,17.0,0,0.0,healthy,0.83,normal,111.5,9.6,90,R01C06,row_1,2
2026-08-04 06:00,27.0,63.7,16.2,0,0.0,healthy,0.86,normal,111.3,29.2,270,R02C06,row_2,2
2026-08-04 07:00,28.4,67.3,15.2,244,0.0,healthy,0.88,normal,90.4,29.0,270,R02C05,row_2,2
2026-08-04 08:00,30.5,62.8,13.7,416,0.0,drought,0.88,normal,69.4,29.0,270,R02C04,row_2,2
2026-08-04 09:00,29.9,69.9,12.1,692,0.0,drought,0.75,normal,48.7,29.3,270,R02C03,row_2,2
2026-08-04 10:00,33.0,64.5,11.7,759,0.0,drought,0.79,normal,28.5,29.7,270,R02C02,row_2,2
2026-08-04 11:00,32.4,60.9,10.2,982,0.0,drought,0.79,normal,9.1,30.2,270,R02C01,row_2,2
2026-08-04 12:00,32.9,59.1,8.6,988,0.0,drought,0.91,normal,10.1,50.7,90,R03C01,row_3,2
2026-08-04 13:00,34.0,59.3,8.0,840,0.0,drought,0.86,normal,31.0,50.9,90,R03C02,row_3,2
2026-08-04 14:00,35.3,60.9,10.9,570,5.2,drought,0.89,normal,51.5,51.0,90,R03C03,row_3,2
2026-08-04 15:00,33.1,57.6,15.0,424,6.0,drought,0.86,normal,71.2,50.8,90,R03C04,row_3,2
2026-08-04 16:00,31.6,59.2,19.1,346,5.6,drought,0.79,normal,90.4,50.4,90,R03C05,row_3,2
2026-08-04 17:00,27.8,68.3,28.6,115,11.1,healthy,0.84,normal,109.4,49.9,90,R03C06,row_3,2
2026-08-04 18:00,26.8,65.6,34.8,0,7.7,healthy,0.92,normal,108.6,69.5,270,R04C06,row_4,2
2026-08-04 19:00,24.0,81.4,34.4,0,0.0,healthy,0.84,normal,88.5,69.1,270,R04C05,row_4,2
2026-08-04 20:00,21.9,69.9,33.9,0,0.0,pest,0.78,normal,69.1,69.0,270,R04C04,row_4,2
2026-08-04 21:00,20.8,77.8,33.5,0,0.0,healthy,0.86,normal,50.1,69.1,270,R04C03,row_4,2
2026-08-04 22:00,20.8,65.8,33.8,0,0.0,healthy,0.86,normal,31.1,69.5,270,R04C02,row_4,2
2026-08-04 23:00,20.0,79.3,33.4,0,0.0,healthy,0.83,normal,11.5,69.9,270,R04C01,row_4,2
2026-08-05 00:00,17.0,68.6,33.9,0,0.0,healthy,0.92,normal,11.2,10.4,90,R01C01,row_1,3
2026-08-05 01:00,20.7,74.8,33.8,0,0.0,healthy,0.83,normal,30.4,10.8,90,R01C02,row_1,3
2026-08-05 02:00,19.4,82.3,33.2,0,0.0,healthy,0.90,normal,49.4,11.0,90,R01C03,row_1,3
2026-08-05 03:00,22.2,68.9,33.1,0,0.0,healthy,0.90,normal,68.6,10.9,90,R01C04,row_1,3
2026-08-05 04:00,23.0,63.0,32.2,0,0.0,pest,0.80,normal,88.6,10.6,90,R01C05,row_1,3
2026-08-05 05:00,24.5,70.5,32.0,0,0.0,healthy,0.89,normal,109.2,10.2,90,R01C06,row_1,3
2026-08-05 06:00,25.1,69.6,31.3,0,0.0,healthy,0.84,normal,110.2,29.7,270,R02C06,row_2,3
2026-08-05 07:00,30.7,69.5,30.2,236,0.0,healthy,0.92,normal,91.1,29.3,270,R02C05,row_2,3
2026-08-05 08:00,31.7,66.8,28.8,421,0.0,healthy,0.87,normal,71.5,29.0,270,R02C04,row_2,3
2026-08-05 09:00,31.7,64.2,27.1,678,0.0,healthy,0.86,normal,51.2,29.0,270,R02C03,row_2,3
2026-08-05 10:00,34.0,63.0,25.8,759,0.0,healthy,0.89,normal,30.4,29.3,270,R02C02,row_2,3
2026-08-05 11:00,35.2,56.4,24.2,777,0.0,healthy,0.87,normal,9.3,29.7,270,R02C01,row_2,3
2026-08-05 12:00,36.2,57.5,23.0,799,0.0,healthy,0.85,normal,8.6,50.2,90,R03C01,row_3,3
2026-08-05 13:00,34.7,59.6,21.3,880,0.0,drought,0.87,normal,28.6,50.6,90,R03C02,row_3,3
2026-08-05 14:00,34.0,61.1,20.4,870,0.0,drought,0.84,normal,49.2,50.9,90,R03C03,row_3,3
2026-08-05 15:00,34.5,57.7,18.8,599,0.0,drought,0.79,normal,70.2,51.0,90,R03C04,row_3,3
2026-08-05 16:00,29.6,74.0,16.8,394,0.0,drought,0.89,normal,91.1,50.8,90,R03C05,row_3,3
2026-08-05 17:00,29.2,57.6,15.8,257,0.0,drought,0.80,normal,111.5,50.5,90,R03C06,row_3,3
2026-08-05 18:00,26.4,69.9,14.6,0,0.0,healthy,0.94,normal,111.2,70.0,270,R04C06,row_4,3
2026-08-05 19:00,23.6,65.5,14.3,0,0.0,pest,0.82,normal,90.3,69.5,270,R04C05,row_4,3
2026-08-05 20:00,21.3,86.7,14.0,0,0.0,healthy,0.87,normal,69.3,69.2,270,R04C04,row_4,3
2026-08-05 21:00,22.0,70.0,13.3,0,0.0,healthy,0.85,normal,48.6,69.0,270,R04C03,row_4,3
2026-08-05 22:00,20.5,78.4,13.6,0,0.0,healthy,0.90,normal,28.6,69.1,270,R04C02,row_4,3
2026-08-05 23:00,20.7,78.5,12.7,0,0.0,healthy,0.91,normal,9.2,69.4,270,R04C01,row_4,3
2026-08-06 00:00,19.5,63.8,22.6,0,10.8,healthy,0.86,normal,10.2,9.9,90,R01C01,row_1,4
2026-08-06 01:00,20.7,77.5,25.7,0,3.7,healthy,0.88,normal,31.1,10.4,90,R01C02,row_1,4
2026-08-06 02:00,20.3,70.9,32.1,0,7.9,healthy,0.85,normal,51.5,10.8,90,R01C03,row_1,4
2026-08-06 03:00,23.2,64.3,31.5,0,0.0,healthy,0.95,normal,71.2,11.0,90,R01C04,row_1,4
2026-08-06 04:00,23.0,73.4,31.3,0,0.0,healthy,0.82,normal,90.3,11.0,90,R01C05,row_1,4
2026-08-06 05:00,26.3,71.7,30.2,0,0.0,healthy,0.97,normal,109.3,10.7,90,R01C06,row_1,4
2026-08-06 06:00,25.9,64.8,29.1,0,0.0,healthy,0.93,normal,108.6,30.3,270,R02C06,row_2,4
2026-08-06 07:00,28.6,66.3,27.9,218,0.0,healthy,0.93,normal,88.6,29.8,270,R02C05,row_2,4
2026-08-06 08:00,30.8,60.8,26.3,500,0.0,pest,0.72,normal,69.2,29.3,270,R02C04,row_2,4
2026-08-06 09:00,33.6,64.5,25.5,621,0.0,healthy,0.94,normal,50.2,29.1,270,R02C03,row_2,4
2026-08-06 10:00,34.7,65.1,23.2,873,0.0,healthy,0.88,normal,31.1,29.0,270,R02C02,row_2,4
2026-08-06 11:00,36.0,58.8,21.3,872,0.0,drought,0.76,normal,11.5,29.2,270,R02C01,row_2,4
2026-08-06 12:00,34.1,63.3,19.4,942,0.0,drought,0.82,normal,11.2,49.6,90,R03C01,row_3,4
2026-08-06 13:00,35.0,55.5,17.4,848,0.0,drought,0.83,normal,30.3,50.1,90,R03C02,row_3,4
2026-08-06 14:00,34.5,64.2,15.0,862,0.0,drought,0.76,normal,49.3,50.6,90,R03C03,row_3,4
2026-08-06 15:00,33.4,58.8,12.7,612,0.0,drought,0.79,normal,68.6,50.9,90,R03C04,row_3,4
2026-08-06 16:00,28.9,76.9,11.6,506,0.0,healthy,0.84,normal,88.6,51.0,90,R03C05,row_3,4
2026-08-06 17:00,29.7,66.7,10.7,233,0.0,drought,0.86,normal,109.2,50.9,90,R03C06,row_3,4
2026-08-06 18:00,28.7,62.5,9.7,0,0.0,healthy,0.86,normal,110.3,70.5,270,R04C06,row_4,4
2026-08-06 19:00,27.5,63.9,9.1,0,0.0,healthy,0.96,normal,91.1,70.1,270,R04C05,row_4,4
2026-08-06 20:00,23.7,67.0,8.4,0,0.0,healthy,0.93,normal,71.5,69.6,270,R04C04,row_4,4
2026-08-06 21:00,22.6,82.2,8.6,0,0.0,healthy,0.90,normal,51.1,69.2,270,R04C03,row_4,4
2026-08-06 22:00,18.6,68.4,8.4,0,0.0,healthy,0.85,normal,30.3,69.0,270,R04C02,row_4,4
2026-08-06 23:00,18.1,74.8,8.5,0,0.0,healthy,0.84,normal,9.2,69.1,270,R04C01,row_4,4
2026-08-07 00:00,18.2,75.8,8.4,0,0.0,healthy,0.91,normal,8.6,9.4,90,R01C01,row_1,5
2026-08-07 01:00,19.8,75.1,8.2,0,0.0,healthy,0.91,normal,28.6,9.8,90,R01C02,row_1,5
2026-08-07 02:00,21.4,68.8,8.5,0,0.0,healthy,0.94,normal,49.3,10.3,90,R01C03,row_1,5
2026-08-07 03:00,22.4,73.8,8.3,0,0.0,healthy,0.82,normal,70.3,10.7,90,R01C04,row_1,5
2026-08-07 04:00,22.9,73.9,8.0,0,0.0,pest,0.72,normal,91.2,11.0,90,R01C05,row_1,5
2026-08-07 05:00,25.6,71.0,8.0,0,0.0,healthy,0.82,normal,111.5,11.0,90,R01C06,row_1,5
2026-08-07 06:00,25.6,76.4,8.0,0,0.0,healthy,0.95,normal,111.1,30.7,270,R02C06,row_2,5
2026-08-07 07:00,29.8,53.7,8.0,237,0.0,drought,0.77,normal,90.2,30.3,270,R02C05,row_2,5
2026-08-07 08:00,31.6,59.5,8.0,476,0.0,drought,0.90,normal,69.2,29.8,270,R02C04,row_2,5
2026-08-07 09:00,34.1,59.2,8.0,651,0.0,drought,0.75,normal,48.6,29.4,270,R02C03,row_2,5
2026-08-07 10:00,32.2,62.7,8.0,758,0.0,drought,0.91,normal,28.6,29.1,270,R02C02,row_2,5
2026-08-07 11:00,34.2,59.4,8.0,965,0.0,drought,0.89,normal,9.3,29.0,270,R02C01,row_2,5
2026-08-07 12:00,34.3,63.6,8.0,869,0.0,drought,0.80,normal,10.3,49.2,90,R03C01,row_3,5
2026-08-07 13:00,35.0,63.3,8.0,877,0.0,drought,0.75,normal,31.2,49.5,90,R03C02,row_3,5
2026-08-07 14:00,33.4,59.0,8.0,828,0.0,drought,0.87,normal,51.5,50.0,90,R03C03,row_3,5
2026-08-07 15:00,33.4,59.4,8.0,719,0.0,drought,0.90,normal,71.1,50.5,90,R03C04,row_3,5
2026-08-07 16:00,32.8,63.7,8.0,442,0.0,drought,0.75,normal,90.2,50.9,90,R03C05,row_3,5
2026-08-07 17:00,29.8,56.9,8.0,228,0.0,drought,0.77,normal,109.2,51.0,90,R03C06,row_3,5
2026-08-07 18:00,28.4,62.2,8.0,0,0.0,healthy,0.95,normal,108.6,70.9,270,R04C06,row_4,5
2026-08-07 19:00,25.1,64.4,8.0,0,0.0,healthy,0.83,normal,88.6,70.6,270,R04C05,row_4,5
2026-08-07 20:00,24.5,71.4,8.0,0,0.0,healthy,0.97,normal,69.3,70.1,270,R04C04,row_4,5
2026-08-07 21:00,21.9,74.9,8.0,0,0.0,healthy,0.89,normal,50.3,69.6,270,R04C03,row_4,5
2026-08-07 22:00,20.4,67.9,14.0,0,6.9,healthy,0.84,normal,31.2,69.2,270,R04C02,row_4,5
2026-08-07 23:00,19.9,73.6,19.9,0,6.5,healthy,0.85,normal,11.5,69.0,270,R04C01,row_4,5
2026-08-08 00:00,20.5,73.7,,0,5.2,healthy,0.85,sensor_missing_soil_moisture,11.1,9.0,90,R01C01,row_1,6
2026-08-08 01:00,19.7,75.9,23.9,0,0.0,healthy,0.93,normal,30.2,9.3,90,R01C02,row_1,6
2026-08-08 02:00,21.6,70.7,24.3,0,0.0,healthy,0.87,normal,49.2,9.7,90,R01C03,row_1,6
2026-08-08 03:00,22.7,72.3,23.9,0,0.0,healthy,0.86,normal,68.6,10.2,90,R01C04,row_1,6
2026-08-08 04:00,22.5,66.5,23.7,0,0.0,healthy,0.92,normal,88.6,10.7,90,R01C05,row_1,6
2026-08-08 05:00,26.6,72.5,22.9,0,0.0,healthy,0.97,normal,109.3,10.9,90,R01C06,row_1,6
2026-08-08 06:00,27.6,63.2,21.8,0,0.0,pest,0.82,normal,110.3,31.0,270,R02C06,row_2,6
2026-08-08 07:00,27.6,67.9,21.0,231,0.0,healthy,0.85,normal,91.2,30.8,270,R02C05,row_2,6
2026-08-08 08:00,30.0,72.4,20.0,460,0.0,drought,0.82,normal,71.5,30.4,270,R02C04,row_2,6
2026-08-08 09:00,32.3,61.7,18.3,707,0.0,drought,0.90,normal,51.1,29.9,270,R02C03,row_2,6
2026-08-08 10:00,33.5,54.7,16.5,696,0.0,drought,0.89,normal,30.2,29.4,270,R02C02,row_2,6
2026-08-08 11:00,34.5,55.6,15.0,884,0.0,drought,0.80,normal,9.2,29.1,270,R02C01,row_2,6
2026-08-08 12:00,33.7,60.4,14.0,863,0.0,drought,0.76,normal,8.6,49.0,90,R03C01,row_3,6
2026-08-08 13:00,31.0,60.3,13.1,981,0.0,drought,0.87,normal,28.6,49.1,90,R03C02,row_3,6
2026-08-08 14:00,35.0,62.0,11.6,738,0.0,drought,0.86,normal,49.4,49.5,90,R03C03,row_3,6
2026-08-08 15:00,31.4,66.3,10.3,591,0.0,drought,0.75,normal,70.4,50.0,90,R03C04,row_3,6
2026-08-08 16:00,28.9,67.7,8.8,472,0.0,healthy,0.85,normal,91.2,50.4,90,R03C05,row_3,6
2026-08-08 17:00,29.0,74.2,8.1,258,0.0,drought,0.81,normal,111.5,50.8,90,R03C06,row_3,6
2026-08-08 18:00,25.8,72.4,8.0,0,0.0,healthy,0.95,normal,111.1,71.0,270,R04C06,row_4,6
2026-08-08 19:00,24.4,66.0,8.0,0,0.0,pest,0.75,normal,90.1,70.9,270,R04C05,row_4,6
2026-08-08 20:00,24.0,61.2,8.0,0,0.0,healthy,0.95,normal,69.1,70.6,270,R04C04,row_4,6
2026-08-08 21:00,22.0,69.8,8.0,0,0.0,healthy,0.96,normal,48.6,70.2,270,R04C03,row_4,6
2026-08-08 22:00,19.3,74.7,8.0,0,0.0,healthy,0.95,normal,28.6,69.7,270,R04C02,row_4,6
2026-08-08 23:00,19.4,72.3,8.0,0,0.0,pest,0.63,normal,9.4,69.3,270,R04C01,row_4,6
2026-08-09 00:00,19.2,74.6,8.0,0,0.0,healthy,0.86,normal,10.4,9.0,90,R01C01,row_1,7
2026-08-09 01:00,17.1,80.2,8.2,0,0.0,healthy,0.90,normal,31.2,9.0,90,R01C02,row_1,7
2026-08-09 02:00,19.3,78.0,8.8,0,0.0,healthy,0.85,normal,51.5,9.3,90,R01C03,row_1,7
2026-08-09 03:00,20.2,81.3,8.6,0,0.0,healthy,0.89,normal,71.0,9.7,90,R01C04,row_1,7
2026-08-09 04:00,22.1,68.6,8.3,0,0.0,healthy,0.90,normal,90.1,10.2,90,R01C05,row_1,7
2026-08-09 05:00,25.3,64.1,8.0,0,0.0,healthy,0.88,normal,109.1,10.6,90,R01C06,row_1,7
2026-08-09 06:00,27.6,61.6,8.0,0,0.0,healthy,0.83,normal,108.5,30.9,270,R02C06,row_2,7
2026-08-09 07:00,29.8,66.3,8.0,245,0.0,drought,0.81,normal,88.7,31.0,270,R02C05,row_2,7
2026-08-09 08:00,28.8,59.7,8.0,453,0.0,healthy,0.84,normal,69.4,30.8,270,R02C04,row_2,7
2026-08-09 09:00,30.7,69.6,8.0,671,0.0,drought,0.84,normal,50.4,30.5,270,R02C03,row_2,7
2026-08-09 10:00,32.2,63.4,8.0,862,0.0,drought,0.77,normal,31.3,30.0,270,R02C02,row_2,7
2026-08-09 11:00,33.6,63.0,8.0,818,0.0,drought,0.78,normal,11.5,29.5,270,R02C01,row_2,7
2026-08-09 12:00,32.4,56.2,8.0,821,0.0,drought,0.84,normal,11.0,49.1,90,R03C01,row_3,7
2026-08-09 13:00,33.0,59.7,8.0,761,0.0,drought,0.84,normal,30.1,49.0,90,R03C02,row_3,7
2026-08-09 14:00,32.4,71.6,8.0,783,0.0,drought,0.86,normal,49.1,49.1,90,R03C03,row_3,7
2026-08-09 15:00,29.1,63.3,8.0,662,0.0,drought,0.89,normal,68.5,49.4,90,R03C04,row_3,7
2026-08-09 16:00,28.3,68.0,8.0,453,0.0,healthy,0.84,normal,88.7,49.9,90,R03C05,row_3,7
2026-08-09 17:00,27.1,65.8,8.0,219,0.0,healthy,0.83,normal,109.4,50.4,90,R03C06,row_3,7
2026-08-09 18:00,27.4,74.3,8.0,0,0.0,healthy,0.91,normal,110.4,70.8,270,R04C06,row_4,7
2026-08-09 19:00,22.2,73.8,8.0,0,0.0,healthy,0.96,normal,91.3,71.0,270,R04C05,row_4,7
2026-08-09 20:00,21.9,77.4,8.0,0,0.0,healthy,0.87,normal,71.5,70.9,270,R04C04,row_4,7
2026-08-09 21:00,19.5,70.2,8.0,0,0.0,healthy,0.88,normal,51.0,70.7,270,R04C03,row_4,7
2026-08-09 22:00,17.2,72.2,8.0,0,0.0,healthy,0.97,normal,30.1,70.2,270,R04C02,row_4,7
2026-08-09 23:00,17.1,69.5,8.2,0,0.0,healthy,0.85,normal,9.1,69.8,270,R04C01,row_4,7
2026-08-10 00:00,19.0,69.0,8.4,0,0.0,healthy,0.84,normal,8.5,9.3,90,R01C01,row_1,8
2026-08-10 01:00,16.9,76.2,8.5,0,0.0,pest,0.78,normal,28.7,9.1,90,R01C02,row_1,8
2026-08-10 02:00,20.3,66.2,13.9,0,6.3,healthy,0.87,normal,49.4,9.0,90,R01C03,row_1,8
2026-08-10 03:00,17.9,76.2,16.4,0,3.0,healthy,0.87,normal,70.5,9.2,90,R01C04,row_1,8
2026-08-10 04:00,20.8,78.0,18.4,0,3.0,healthy,0.89,normal,91.3,9.6,90,R01C05,row_1,8
2026-08-10 05:00,21.9,61.3,18.2,0,0.0,healthy,0.96,normal,111.5,10.1,90,R01C06,row_1,8
2026-08-10 06:00,24.4,68.6,17.9,0,0.0,healthy,0.88,normal,111.0,30.6,270,R02C06,row_2,8
2026-08-10 07:00,27.2,65.2,17.5,204,0.0,pest,0.66,normal,90.0,30.9,270,R02C05,row_2,8
2026-08-10 08:00,28.9,60.5,17.2,430,0.0,healthy,0.85,normal,69.1,31.0,270,R02C04,row_2,8
2026-08-10 09:00,31.9,62.6,16.4,670,0.0,drought,0.76,normal,48.5,30.9,270,R02C03,row_2,8
2026-08-10 10:00,33.8,50.5,14.9,870,0.0,drought,0.81,normal,28.7,30.5,270,R02C02,row_2,8
2026-08-10 11:00,31.9,59.7,15.2,773,1.8,drought,0.85,normal,9.5,30.0,270,R02C01,row_2,8
2026-08-10 12:00,33.2,67.6,20.3,561,6.6,drought,0.88,normal,10.5,49.6,90,R03C01,row_3,8
2026-08-10 13:00,31.0,65.8,24.8,673,6.2,healthy,0.92,normal,31.3,49.2,90,R03C02,row_3,8
2026-08-10 14:00,31.2,56.1,23.5,825,0.0,healthy,0.84,normal,51.5,49.0,90,R03C03,row_3,8
2026-08-10 15:00,29.0,70.4,22.3,716,0.0,healthy,0.97,normal,71.0,49.1,90,R03C04,row_3,8
2026-08-10 16:00,28.9,75.8,21.2,420,0.0,healthy,0.90,normal,90.0,49.4,90,R03C05,row_3,8
2026-08-10 17:00,25.0,76.6,28.2,133,8.3,pest,0.69,normal,109.0,49.8,90,R03C06,row_3,8
2026-08-10 18:00,24.1,62.6,30.5,0,2.5,healthy,0.87,normal,108.5,70.3,270,R04C06,row_4,8
2026-08-10 19:00,22.9,73.9,33.0,0,3.9,healthy,0.91,normal,88.7,70.7,270,R04C05,row_4,8
2026-08-10 20:00,21.2,74.3,33.9,0,1.2,healthy,0.83,normal,69.5,71.0,270,R04C04,row_4,8
2026-08-10 21:00,18.4,74.2,34.3,0,0.0,healthy,0.87,normal,50.5,71.0,270,R04C03,row_4,8
2026-08-10 22:00,14.8,80.0,34.1,0,0.0,healthy,0.85,normal,31.3,70.7,270,R04C02,row_4,8
2026-08-10 23:00,16.1,80.6,34.4,0,0.0,pest,0.71,normal,11.5,70.3,270,R04C01,row_4,8
2026-08-11 00:00,14.6,78.0,34.9,0,0.0,healthy,0.88,normal,11.0,9.8,90,R01C01,row_1,9
2026-08-11 01:00,15.5,75.5,34.7,0,0.0,healthy,0.86,normal,30.0,9.4,90,R01C02,row_1,9
2026-08-11 02:00,17.6,71.3,34.6,0,0.0,healthy,0.94,normal,49.0,9.1,90,R01C03,row_1,9
2026-08-11 03:00,16.9,80.8,34.5,0,0.0,healthy,0.88,normal,68.5,9.0,90,R01C04,row_1,9
2026-08-11 04:00,19.2,75.3,34.5,0,0.0,healthy,0.95,normal,88.7,9.2,90,R01C05,row_1,9
2026-08-11 05:00,21.3,77.5,34.2,0,0.0,healthy,0.96,normal,109.5,9.6,90,R01C06,row_1,9
2026-08-11 06:00,23.6,70.9,33.6,0,0.0,healthy,0.96,normal,110.5,30.0,270,R02C06,row_2,9
2026-08-11 07:00,26.6,67.8,32.6,228,0.0,healthy,0.88,normal,91.3,30.5,270,R02C05,row_2,9
2026-08-11 08:00,26.8,66.6,31.8,469,0.0,healthy,0.92,normal,71.5,30.9,270,R02C04,row_2,9
2026-08-11 09:00,28.5,62.3,31.0,577,0.0,healthy,0.95,normal,50.9,31.0,270,R02C03,row_2,9
2026-08-11 10:00,32.2,61.9,29.5,828,0.0,unknown,0.43,normal,30.0,30.9,270,R02C02,row_2,9
2026-08-11 11:00,31.2,69.6,28.1,802,0.0,healthy,0.92,normal,9.0,30.6,270,R02C01,row_2,9
2026-08-11 12:00,33.6,66.2,27.0,868,0.0,healthy,0.86,normal,8.5,50.1,90,R03C01,row_3,9
2026-08-11 13:00,30.1,61.3,25.4,815,0.0,healthy,0.91,normal,28.7,49.6,90,R03C02,row_3,9
2026-08-11 14:00,29.1,64.1,24.1,733,0.0,healthy,0.93,normal,49.5,49.2,90,R03C03,row_3,9
2026-08-11 15:00,31.1,65.5,23.1,611,0.0,healthy,0.83,normal,70.6,49.0,90,R03C04,row_3,9
2026-08-11 16:00,28.1,70.5,32.7,204,11.6,healthy,0.96,normal,91.3,49.1,90,R03C05,row_3,9
2026-08-11 17:00,26.4,68.3,37.6,176,5.6,healthy,0.95,normal,111.5,49.3,90,R03C06,row_3,9
2026-08-11 18:00,24.6,74.9,47.9,0,12.0,healthy,0.89,normal,110.9,69.8,270,R04C06,row_4,9
2026-08-11 19:00,19.3,72.3,47.9,0,0.0,healthy,0.94,normal,89.9,70.3,270,R04C05,row_4,9
2026-08-11 20:00,16.7,78.8,48.9,0,0.0,healthy,0.86,normal,69.0,70.7,270,R04C04,row_4,9
2026-08-11 21:00,16.2,73.8,48.2,0,0.0,healthy,0.87,normal,48.5,71.0,270,R04C03,row_4,9
2026-08-11 22:00,15.4,79.4,47.9,0,0.0,healthy,0.87,normal,28.7,71.0,270,R04C02,row_4,9
2026-08-11 23:00,17.1,85.0,48.0,0,0.0,pest,0.82,normal,9.6,70.8,270,R04C01,row_4,9
2026-08-12 00:00,15.1,78.1,48.2,0,0.0,healthy,0.91,normal,10.6,10.4,90,R01C01,row_1,10
2026-08-12 01:00,14.2,79.3,49.0,0,0.0,healthy,0.84,normal,31.3,9.9,90,R01C02,row_1,10
2026-08-12 02:00,15.2,70.1,49.2,0,0.0,healthy,0.86,normal,51.5,9.4,90,R01C03,row_1,10
2026-08-12 03:00,19.0,69.8,48.9,0,0.0,healthy,0.93,normal,70.9,9.1,90,R01C04,row_1,10
2026-08-12 04:00,18.0,79.2,49.4,0,0.0,healthy,0.92,normal,89.9,9.0,90,R01C05,row_1,10
2026-08-12 05:00,20.0,75.0,48.9,0,0.0,healthy,0.88,normal,109.0,9.1,90,R01C06,row_1,10
2026-08-12 06:00,22.8,75.1,48.5,0,0.0,healthy,0.90,normal,108.5,29.5,270,R02C06,row_2,10
2026-08-12 07:00,22.4,75.8,48.4,242,0.0,healthy,0.96,normal,88.8,30.0,270,R02C05,row_2,10
2026-08-12 08:00,27.4,68.5,47.4,426,0.0,healthy,0.97,normal,69.6,30.5,270,R02C04,row_2,10
2026-08-12 09:00,30.1,60.2,46.7,605,0.0,healthy,0.92,normal,50.6,30.8,270,R02C03,row_2,10
2026-08-12 10:00,30.8,68.7,45.1,699,0.0,pest,0.83,normal,31.4,31.0,270,R02C02,row_2,10
2026-08-12 11:00,32.2,63.0,43.7,805,0.0,healthy,0.91,normal,11.5,30.9,270,R02C01,row_2,10
2026-08-12 12:00,30.1,59.3,41.9,802,0.0,healthy,0.89,normal,10.9,50.6,90,R03C01,row_3,10
2026-08-12 13:00,31.4,63.0,40.9,851,0.0,healthy,0.87,normal,29.9,50.2,90,R03C02,row_3,10
2026-08-12 14:00,31.8,65.6,39.8,801,0.0,healthy,0.88,normal,48.9,49.7,90,R03C03,row_3,10
2026-08-12 15:00,28.3,64.7,38.5,559,0.0,healthy,0.84,normal,68.5,49.3,90,R03C04,row_3,10
2026-08-12 16:00,27.0,66.0,36.8,428,0.0,pest,0.73,normal,88.8,49.0,90,R03C05,row_3,10
2026-08-12 17:00,24.7,73.1,36.3,256,0.0,pest,0.64,normal,109.6,49.0,90,R03C06,row_3,10
2026-08-12 18:00,19.9,65.1,36.1,0,0.0,healthy,0.86,normal,110.6,69.3,270,R04C06,row_4,10
2026-08-12 19:00,21.2,67.5,35.6,0,0.0,healthy,0.95,normal,91.4,69.7,270,R04C05,row_4,10
2026-08-12 20:00,19.6,78.0,35.6,0,0.0,healthy,0.90,normal,71.4,70.2,270,R04C04,row_4,10
2026-08-12 21:00,14.7,77.1,36.0,0,0.0,healthy,0.89,normal,50.9,70.6,270,R04C03,row_4,10
2026-08-12 22:00,15.8,87.7,35.6,0,0.0,healthy,0.85,normal,29.9,70.9,270,R04C02,row_4,10
2026-08-12 23:00,14.3,74.9,35.7,0,0.0,healthy,0.88,normal,8.9,71.0,270,R04C01,row_4,10
2026-08-13 00:00,14.0,84.8,35.9,0,0.0,healthy,0.86,normal,8.5,10.8,90,R01C01,row_1,11
2026-08-13 01:00,15.1,83.8,35.4,0,0.0,healthy,0.83,normal,28.8,10.4,90,R01C02,row_1,11
2026-08-13 02:00,15.8,77.8,35.3,0,0.0,healthy,0.95,normal,49.6,10.0,90,R01C03,row_1,11
2026-08-13 03:00,17.8,70.9,34.6,0,0.0,healthy,0.96,normal,70.7,9.5,90,R01C04,row_1,11
2026-08-13 04:00,17.6,72.1,34.8,0,0.0,healthy,0.90,normal,91.4,9.1,90,R01C05,row_1,11
2026-08-13 05:00,20.2,82.2,34.7,0,0.0,healthy,0.93,normal,111.4,9.0,90,R01C06,row_1,11
2026-08-13 06:00,20.7,71.0,34.5,0,0.0,pest,0.82,normal,110.8,29.1,270,R02C06,row_2,11
2026-08-13 07:00,26.4,67.7,33.4,257,0.0,healthy,0.94,normal,89.8,29.4,270,R02C05,row_2,11
2026-08-13 08:00,27.1,67.4,32.4,415,0.0,healthy,0.86,normal,68.9,29.9,270,R02C04,row_2,11
2026-08-13 09:00,28.7,61.1,41.8,291,11.3,healthy,0.91,normal,48.5,30.4,270,R02C03,row_2,11
2026-08-13 10:00,27.8,69.0,45.4,645,5.2,healthy,0.96,normal,28.8,30.8,270,R02C02,row_2,11
2026-08-13 11:00,30.2,53.5,46.4,850,2.5,healthy,0.91,normal,9.7,31.0,270,R02C01,row_2,11
2026-08-13 12:00,30.5,64.1,45.0,948,0.0,healthy,0.90,normal,10.7,50.9,90,R03C01,row_3,11
2026-08-13 13:00,31.0,57.1,43.6,877,0.0,healthy,0.91,normal,31.4,50.7,90,R03C02,row_3,11
2026-08-13 14:00,28.7,63.0,42.7,808,0.0,healthy,0.90,normal,51.4,50.2,90,R03C03,row_3,11
2026-08-13 15:00,27.9,69.2,50.9,294,9.7,waterlogging,0.72,normal,70.8,49.7,90,R03C04,row_3,11
2026-08-13 16:00,25.1,64.4,51.6,379,1.6,healthy,0.82,normal,89.8,49.3,90,R03C05,row_3,11
2026-08-13 17:00,25.6,72.0,51.5,261,0.0,healthy,0.95,normal,108.9,49.0,90,R03C06,row_3,11
2026-08-13 18:00,22.2,70.2,51.0,0,0.0,healthy,0.95,normal,108.5,69.0,270,R04C06,row_4,11
2026-08-13 19:00,21.0,73.2,51.0,0,0.0,healthy,0.92,normal,88.8,69.2,270,R04C05,row_4,11
2026-08-13 20:00,20.1,65.7,51.3,0,0.0,healthy,0.90,normal,69.7,69.6,270,R04C04,row_4,11
2026-08-13 21:00,16.2,83.1,51.6,0,0.0,healthy,0.87,normal,50.7,70.1,270,R04C03,row_4,11
2026-08-13 22:00,16.0,76.4,51.3,0,0.0,healthy,0.96,normal,31.4,70.6,270,R04C02,row_4,11
2026-08-13 23:00,15.5,81.5,51.5,0,0.0,healthy,0.90,normal,11.4,70.9,270,R04C01,row_4,11
2026-08-14 00:00,15.6,72.8,51.1,0,0.0,healthy,0.87,normal,10.8,11.0,90,R01C01,row_1,12
2026-08-14 01:00,12.0,89.7,50.8,0,0.0,unknown,0.38,normal,29.8,10.9,90,R01C02,row_1,12
2026-08-14 02:00,15.4,72.4,51.1,0,0.0,healthy,0.88,normal,48.9,10.5,90,R01C03,row_1,12
2026-08-14 03:00,18.1,73.6,51.1,0,0.0,healthy,0.93,normal,68.5,10.0,90,R01C04,row_1,12
2026-08-14 04:00,19.7,73.1,51.1,0,0.0,healthy,0.82,normal,88.8,9.5,90,R01C05,row_1,12
2026-08-14 05:00,21.5,70.4,51.2,0,0.0,healthy,0.83,normal,109.7,9.2,90,R01C06,row_1,12
2026-08-14 06:00,20.8,71.6,50.6,0,0.0,healthy,0.85,normal,110.7,29.0,270,R02C06,row_2,12
2026-08-14 07:00,25.4,62.2,49.9,209,0.0,healthy,0.83,normal,91.4,29.1,270,R02C05,row_2,12
2026-08-14 08:00,27.9,66.4,48.9,437,0.0,healthy,0.82,normal,71.4,29.4,270,R02C04,row_2,12
2026-08-14 09:00,28.9,69.4,48.2,569,0.0,healthy,0.85,normal,50.8,29.8,270,R02C03,row_2,12
2026-08-14 10:00,28.1,66.1,47.3,791,0.0,healthy,0.93,normal,29.8,30.3,270,R02C02,row_2,12
2026-08-14 11:00,31.5,59.0,45.7,933,0.0,healthy,0.82,normal,8.9,30.7,270,R02C01,row_2,12
2026-08-14 12:00,30.4,69.0,43.9,891,0.0,healthy,0.92,normal,8.5,51.0,90,R03C01,row_3,12
2026-08-14 13:00,33.1,63.3,42.9,961,0.0,healthy,0.92,normal,28.8,51.0,90,R03C02,row_3,12
2026-08-14 14:00,30.0,59.3,41.5,865,0.0,healthy,0.92,normal,49.7,50.7,90,R03C03,row_3,12
2026-08-14 15:00,26.8,69.9,40.7,599,0.0,healthy,0.96,normal,70.7,50.3,90,R03C04,row_3,12
2026-08-14 16:00,28.4,68.1,40.0,496,0.0,healthy,0.83,normal,91.4,49.8,90,R03C05,row_3,12
2026-08-14 17:00,23.8,61.8,39.7,251,0.0,healthy,0.90,normal,111.4,49.4,90,R03C06,row_3,12
2026-08-14 18:00,24.4,57.3,39.5,0,0.0,healthy,0.86,normal,110.7,69.1,270,R04C06,row_4,12
2026-08-14 19:00,20.3,69.4,39.9,0,0.0,healthy,0.94,normal,89.7,69.0,270,R04C05,row_4,12
2026-08-14 20:00,19.7,77.9,39.8,0,0.0,healthy,0.84,normal,68.8,69.2,270,R04C04,row_4,12
2026-08-14 21:00,17.6,81.3,40.5,0,0.0,healthy,0.92,normal,48.5,69.6,270,R04C03,row_4,12
2026-08-14 22:00,16.1,87.1,41.0,0,0.0,healthy,0.88,normal,28.9,70.1,270,R04C02,row_4,12
2026-08-14 23:00,16.4,79.1,40.3,0,0.0,healthy,0.94,normal,9.8,70.5,270,R04C01,row_4,12
2026-08-15 00:00,18.0,74.7,40.4,0,0.0,healthy,0.97,normal,10.8,10.9,90,R01C01,row_1,13
2026-08-15 01:00,15.3,87.4,39.3,0,0.0,healthy,0.97,normal,31.4,11.0,90,R01C02,row_1,13
2026-08-15 02:00,14.6,77.2,38.9,0,0.0,healthy,0.94,normal,51.4,10.9,90,R01C03,row_1,13
2026-08-15 03:00,19.0,82.8,39.0,0,0.0,healthy,0.90,normal,70.7,10.6,90,R01C04,row_1,13
2026-08-15 04:00,21.0,69.7,38.3,0,0.0,healthy,0.83,normal,89.7,10.1,90,R01C05,row_1,13
2026-08-15 05:00,21.5,68.6,37.6,0,0.0,healthy,0.87,normal,108.8,9.6,90,R01C06,row_1,13
2026-08-15 06:00,23.4,80.5,37.2,0,0.0,healthy,0.85,normal,108.5,29.2,270,R02C06,row_2,13
2026-08-15 07:00,25.4,64.8,36.4,250,0.0,healthy,0.92,normal,88.9,29.0,270,R02C05,row_2,13
2026-08-15 08:00,27.6,64.5,35.5,444,0.0,healthy,0.84,normal,69.8,29.1,270,R02C04,row_2,13
2026-08-15 09:00,28.1,69.6,34.3,563,0.0,healthy,0.92,normal,50.8,29.3,270,R02C03,row_2,13
2026-08-15 10:00,28.3,62.0,33.2,743,0.0,healthy,0.96,normal,31.4,29.8,270,R02C02,row_2,13
2026-08-15 11:00,32.9,56.6,31.8,843,0.0,healthy,0.87,normal,11.4,30.3,270,R02C01,row_2,13
2026-08-15 12:00,29.8,69.9,30.8,915,0.0,healthy,0.93,normal,10.7,50.7,90,R03C01,row_3,13
2026-08-15 13:00,31.8,61.4,29.1,885,0.0,healthy,0.85,normal,29.7,51.0,90,R03C02,row_3,13
2026-08-15 14:00,30.1,62.1,27.3,854,0.0,healthy,0.84,normal,48.8,51.0,90,R03C03,row_3,13
2026-08-15 15:00,27.9,57.5,25.8,552,0.0,healthy,0.85,normal,68.5,50.8,90,R03C04,row_3,13
2026-08-15 16:00,29.2,67.4,24.4,495,0.0,healthy,0.89,normal,88.9,50.4,90,R03C05,row_3,13
2026-08-15 17:00,24.9,68.7,23.5,227,0.0,healthy,0.88,normal,109.8,49.9,90,R03C06,row_3,13
2026-08-15 18:00,24.0,66.1,22.7,0,0.0,healthy,0.84,normal,110.8,69.4,270,R04C06,row_4,13
2026-08-15 19:00,19.7,66.2,22.9,0,0.0,healthy,0.97,normal,91.4,69.1,270,R04C05,row_4,13
2026-08-15 20:00,20.6,64.2,22.9,0,0.0,healthy,0.96,normal,71.4,69.0,270,R04C04,row_4,13
2026-08-15 21:00,17.4,70.3,22.7,0,0.0,pest,0.83,normal,50.7,69.2,270,R04C03,row_4,13
2026-08-15 22:00,16.1,81.1,22.3,0,0.0,healthy,0.83,normal,29.7,69.5,270,R04C02,row_4,13
2026-08-15 23:00,14.6,81.5,22.7,0,0.0,healthy,0.88,normal,8.8,70.0,270,R04C01,row_4,13
2026-08-16 00:00,17.7,77.5,22.6,0,0.0,healthy,0.96,normal,8.5,10.5,90,R01C01,row_1,14
2026-08-16 01:00,16.3,79.8,22.6,0,0.0,healthy,0.96,normal,28.9,10.8,90,R01C02,row_1,14
2026-08-16 02:00,16.1,79.8,22.6,0,0.0,healthy,0.90,normal,49.8,11.0,90,R01C03,row_1,14
2026-08-16 03:00,16.8,76.6,22.5,0,0.0,healthy,0.86,normal,70.8,10.9,90,R01C04,row_1,14
2026-08-16 04:00,22.0,74.4,22.0,0,0.0,healthy,0.84,normal,91.4,10.6,90,R01C05,row_1,14
2026-08-16 05:00,21.7,65.1,22.0,0,0.0,healthy,0.91,normal,111.4,10.1,90,R01C06,row_1,14
2026-08-16 06:00,23.9,71.8,21.4,0,0.0,healthy,0.88,normal,110.7,29.7,270,R02C06,row_2,14
2026-08-16 07:00,26.3,79.6,20.6,211,0.0,healthy,0.88,normal,89.6,29.2,270,R02C05,row_2,14
2026-08-16 08:00,28.5,61.9,19.3,405,0.0,healthy,0.84,normal,68.8,29.0,270,R02C04,row_2,14
2026-08-16 09:00,30.0,67.8,18.1,627,0.0,drought,0.79,normal,48.5,29.0,270,R02C03,row_2,14
2026-08-16 10:00,30.6,69.3,17.1,752,0.0,drought,0.83,normal,28.9,29.3,270,R02C02,row_2,14
2026-08-16 11:00,31.1,62.2,15.3,906,0.0,drought,0.75,normal,9.9,29.7,270,R02C01,row_2,14
2026-08-16 12:00,33.8,61.7,13.4,1000,0.0,drought,0.82,normal,10.9,50.2,90,R03C01,row_3,14
2026-08-16 13:00,31.8,63.2,11.8,939,0.0,drought,0.87,normal,31.4,50.7,90,R03C02,row_3,14
2026-08-16 14:00,31.8,61.0,10.9,707,0.0,drought,0.86,normal,51.4,50.9,90,R03C03,row_3,14
2026-08-16 15:00,30.2,72.4,10.2,702,0.0,drought,0.77,normal,70.6,51.0,90,R03C04,row_3,14
2026-08-16 16:00,31.3,55.3,9.0,415,0.0,drought,0.88,normal,89.6,50.8,90,R03C05,row_3,14
2026-08-16 17:00,27.5,69.1,8.6,244,0.0,healthy,0.97,normal,108.8,50.4,90,R03C06,row_3,14
2026-08-16 18:00,23.1,70.5,8.0,0,0.0,unknown,0.34,normal,108.5,69.9,270,R04C06,row_4,14
2026-08-16 19:00,21.0,73.6,8.0,0,0.0,healthy,0.89,normal,88.9,69.5,270,R04C05,row_4,14
2026-08-16 20:00,19.2,76.2,8.0,0,0.0,healthy,0.92,normal,69.9,69.1,270,R04C04,row_4,14
2026-08-16 21:00,19.6,79.3,8.0,0,0.0,healthy,0.87,normal,50.9,69.0,270,R04C03,row_4,14
2026-08-16 22:00,17.7,77.6,8.0,0,0.0,healthy,0.96,normal,31.5,69.1,270,R04C02,row_4,14
2026-08-16 23:00,18.8,72.3,8.4,0,0.0,healthy,0.90,normal,11.3,69.5,270,R04C01,row_4,14
2026-08-17 00:00,18.1,69.5,8.4,0,0.0,healthy,0.93,normal,10.6,9.9,90,R01C01,row_1,15
2026-08-17 01:00,16.8,82.2,8.2,0,0.0,pest,0.73,normal,29.6,10.4,90,R01C02,row_1,15
2026-08-17 02:00,17.0,68.5,8.0,0,0.0,healthy,0.96,normal,48.8,10.8,90,R01C03,row_1,15
2026-08-17 03:00,19.1,77.8,8.4,0,0.0,healthy,0.90,normal,68.5,11.0,90,R01C04,row_1,15
2026-08-17 04:00,19.2,71.6,8.0,0,0.0,unknown,0.42,normal,89.0,10.9,90,R01C05,row_1,15
2026-08-17 05:00,23.8,78.8,8.0,0,0.0,healthy,0.84,normal,109.9,10.7,90,R01C06,row_1,15
2026-08-17 06:00,26.7,73.2,8.0,0,0.0,healthy,0.91,normal,110.9,30.2,270,R02C06,row_2,15
2026-08-17 07:00,26.2,68.4,8.0,223,0.0,healthy,0.96,normal,91.5,29.7,270,R02C05,row_2,15
2026-08-17 08:00,31.4,64.3,8.0,467,0.0,drought,0.76,normal,71.3,29.3,270,R02C04,row_2,15
2026-08-17 09:00,30.2,58.5,8.0,612,0.0,drought,0.78,normal,50.6,29.0,270,R02C03,row_2,15
2026-08-17 10:00,32.9,67.2,8.0,689,0.0,drought,0.79,normal,29.6,29.0,270,R02C02,row_2,15
2026-08-17 11:00,31.8,57.5,8.0,835,0.0,drought,0.91,normal,8.7,29.2,270,R02C01,row_2,15
2026-08-17 12:00,33.9,47.7,8.0,1000,0.0,drought,0.90,normal,8.5,49.6,90,R03C01,row_3,15
2026-08-17 13:00,34.3,59.0,8.0,854,0.0,drought,0.78,normal,29.0,50.1,90,R03C02,row_3,15
2026-08-17 14:00,31.3,67.6,8.0,859,0.0,drought,0.75,normal,49.9,50.6,90,R03C03,row_3,15
2026-08-17 15:00,31.0,66.6,8.0,634,0.0,drought,0.87,normal,70.9,50.9,90,R03C04,row_3,15
2026-08-17 16:00,29.6,65.8,8.0,468,0.0,drought,0.76,normal,91.5,51.0,90,R03C05,row_3,15
2026-08-17 17:00,28.5,70.0,8.0,248,0.0,healthy,0.83,normal,111.3,50.8,90,R03C06,row_3,15
2026-08-17 18:00,27.1,65.4,8.0,0,0.0,healthy,0.90,normal,110.6,70.5,270,R04C06,row_4,15
2026-08-17 19:00,23.5,72.8,8.0,0,0.0,healthy,0.84,normal,89.5,70.0,270,R04C05,row_4,15
2026-08-17 20:00,21.9,77.8,8.0,0,0.0,healthy,0.84,normal,68.7,69.5,270,R04C04,row_4,15
2026-08-17 21:00,20.3,76.3,8.0,0,0.0,healthy,0.91,normal,48.5,69.2,270,R04C03,row_4,15
2026-08-17 22:00,19.1,73.4,8.1,0,0.0,healthy,0.94,normal,29.0,69.0,270,R04C02,row_4,15
2026-08-17 23:00,18.5,77.9,8.0,0,0.0,healthy,0.88,normal,10.0,69.1,270,R04C01,row_4,15
2026-08-18 00:00,18.6,77.7,42.0,0,5.0,drought,0.84,data_conflict_vision_drought_soil_normal,10.9,9.4,90,R01C01,row_1,16
2026-08-18 01:00,17.1,61.7,20.9,0,9.6,healthy,0.94,normal,31.5,9.9,90,R01C02,row_1,16
2026-08-18 02:00,19.6,68.4,29.9,0,10.8,healthy,0.82,normal,51.3,10.4,90,R01C03,row_1,16
2026-08-18 03:00,19.9,69.7,31.0,0,1.6,healthy,0.85,normal,70.5,10.8,90,R01C04,row_1,16
2026-08-18 04:00,23.6,74.8,30.4,0,0.0,healthy,0.85,normal,89.5,11.0,90,R01C05,row_1,16
2026-08-18 05:00,24.4,64.1,30.4,0,0.0,healthy,0.82,normal,108.7,11.0,90,R01C06,row_1,16
2026-08-18 06:00,29.1,68.8,30.2,0,0.0,healthy,0.96,normal,108.5,30.7,270,R02C06,row_2,16
2026-08-18 07:00,26.5,71.0,29.0,238,0.0,healthy,0.85,normal,89.0,30.3,270,R02C05,row_2,16
2026-08-18 08:00,28.7,67.7,27.8,442,0.0,healthy,0.85,normal,70.0,29.8,270,R02C04,row_2,16
2026-08-18 09:00,31.6,63.3,26.3,607,0.0,pest,0.63,normal,51.0,29.3,270,R02C03,row_2,16
2026-08-18 10:00,34.6,53.4,24.6,679,0.0,healthy,0.89,normal,31.5,29.1,270,R02C02,row_2,16
2026-08-18 11:00,33.4,57.0,23.2,932,0.0,healthy,0.88,normal,11.3,29.0,270,R02C01,row_2,16
2026-08-18 12:00,33.3,66.5,22.2,921,0.0,healthy,0.88,normal,10.5,49.2,90,R03C01,row_3,16
2026-08-18 13:00,36.1,60.2,20.1,792,0.0,drought,0.75,normal,29.5,49.6,90,R03C02,row_3,16
2026-08-18 14:00,34.2,59.4,18.6,860,0.0,drought,0.80,normal,48.7,50.1,90,R03C03,row_3,16
2026-08-18 15:00,31.8,53.7,16.7,611,0.0,drought,0.82,normal,68.5,50.5,90,R03C04,row_3,16
2026-08-18 16:00,32.6,64.8,15.6,431,0.0,drought,0.77,normal,89.0,50.9,90,R03C05,row_3,16
2026-08-18 17:00,27.9,75.0,14.8,208,0.0,healthy,0.83,normal,110.0,51.0,90,R03C06,row_3,16
2026-08-18 18:00,25.5,64.9,14.6,0,0.0,healthy,0.83,normal,111.0,70.9,270,R04C06,row_4,16
2026-08-18 19:00,22.3,70.6,14.4,0,0.0,healthy,0.90,normal,91.5,70.5,270,R04C05,row_4,16
2026-08-18 20:00,22.1,69.8,14.2,0,0.0,healthy,0.91,normal,71.3,70.1,270,R04C04,row_4,16
2026-08-18 21:00,20.9,61.2,13.9,0,0.0,healthy,0.88,normal,50.5,69.6,270,R04C03,row_4,16
2026-08-18 22:00,20.5,71.1,14.5,0,0.0,healthy,0.92,normal,29.5,69.2,270,R04C02,row_4,16
2026-08-18 23:00,19.0,72.0,24.6,0,11.4,unknown,0.43,normal,8.7,69.0,270,R04C01,row_4,16
2026-08-19 00:00,19.1,67.2,30.4,0,6.0,healthy,0.97,normal,8.5,9.1,90,R01C01,row_1,17
2026-08-19 01:00,19.8,79.7,31.3,0,1.7,healthy,0.82,normal,29.1,9.3,90,R01C02,row_1,17
2026-08-19 02:00,19.9,64.8,32.0,0,1.3,healthy,0.88,normal,50.0,9.8,90,R01C03,row_1,17
2026-08-19 03:00,21.6,79.3,32.3,0,0.0,healthy,0.91,normal,71.0,10.3,90,R01C04,row_1,17
2026-08-19 04:00,22.6,78.0,32.3,0,0.0,healthy,0.89,normal,91.5,10.7,90,R01C05,row_1,17
2026-08-19 05:00,24.3,73.3,31.6,0,0.0,healthy,0.95,normal,111.3,11.0,90,R01C06,row_1,17
2026-08-19 06:00,28.6,63.4,30.7,0,0.0,healthy,0.86,normal,110.5,31.0,270,R02C06,row_2,17
2026-08-19 07:00,29.0,71.0,29.3,231,0.0,healthy,0.96,normal,89.4,30.8,270,R02C05,row_2,17
2026-08-19 08:00,29.4,63.8,28.3,473,0.0,healthy,0.84,normal,68.7,30.3,270,R02C04,row_2,17
2026-08-19 09:00,32.4,60.6,26.6,580,0.0,healthy,0.90,normal,48.5,29.9,270,R02C03,row_2,17
2026-08-19 10:00,34.8,57.4,24.8,705,0.0,healthy,0.94,normal,29.1,29.4,270,R02C02,row_2,17
2026-08-19 11:00,35.6,56.3,22.7,765,0.0,healthy,0.82,normal,10.1,29.1,270,R02C01,row_2,17
2026-08-19 12:00,35.8,55.9,20.0,888,0.0,drought,0.80,normal,11.0,49.0,90,R03C01,row_3,17
2026-08-19 13:00,32.7,53.6,18.1,756,0.0,drought,0.77,normal,31.5,49.2,90,R03C02,row_3,17
2026-08-19 14:00,32.5,66.3,16.9,848,0.0,drought,0.91,normal,51.3,49.5,90,R03C03,row_3,17
2026-08-19 15:00,32.6,63.4,15.3,582,0.0,drought,0.79,normal,70.4,50.0,90,R03C04,row_3,17
2026-08-19 16:00,30.8,63.0,13.9,464,0.0,drought,0.83,normal,89.4,50.5,90,R03C05,row_3,17
2026-08-19 17:00,28.2,76.8,12.8,210,0.0,healthy,0.92,normal,108.7,50.8,90,R03C06,row_3,17
2026-08-19 18:00,25.9,85.2,12.2,0,0.0,healthy,0.88,normal,108.5,71.0,270,R04C06,row_4,17
2026-08-19 19:00,26.3,69.3,11.2,0,0.0,healthy,0.88,normal,89.1,70.9,270,R04C05,row_4,17
2026-08-19 20:00,23.3,65.1,10.8,0,0.0,healthy,0.93,normal,70.1,70.6,270,R04C04,row_4,17
2026-08-19 21:00,21.6,76.1,10.2,0,0.0,healthy,0.82,normal,51.0,70.1,270,R04C03,row_4,17
2026-08-19 22:00,21.0,78.7,10.0,0,0.0,healthy,0.87,normal,31.5,69.6,270,R04C02,row_4,17
2026-08-19 23:00,21.7,69.9,9.3,0,0.0,healthy,0.89,normal,11.2,69.2,270,R04C01,row_4,17
2026-08-20 00:00,19.3,77.3,9.4,0,0.0,healthy,0.87,normal,10.4,9.0,90,R01C01,row_1,18
2026-08-20 01:00,19.0,77.1,9.0,0,0.0,healthy,0.92,normal,29.4,9.0,90,R01C02,row_1,18
2026-08-20 02:00,19.4,79.6,9.1,0,0.0,healthy,0.87,normal,48.7,9.3,90,R01C03,row_1,18
2026-08-20 03:00,22.2,65.8,9.0,0,0.0,healthy,0.84,normal,68.5,9.7,90,R01C04,row_1,18
2026-08-20 04:00,23.3,64.5,8.5,0,0.0,healthy,0.83,normal,89.1,10.2,90,R01C05,row_1,18
2026-08-20 05:00,22.8,71.8,8.8,0,0.0,healthy,0.85,normal,110.1,10.7,90,R01C06,row_1,18
2026-08-20 06:00,26.9,73.8,8.1,0,0.0,unknown,0.37,normal,111.0,30.9,270,R02C06,row_2,18
2026-08-20 07:00,29.7,64.6,8.0,241,0.0,drought,0.85,normal,91.5,31.0,270,R02C05,row_2,18
2026-08-20 08:00,29.9,60.1,8.0,501,0.0,drought,0.78,normal,71.2,30.8,270,R02C04,row_2,18
2026-08-20 09:00,35.5,53.2,8.0,581,0.0,drought,0.85,normal,50.4,30.4,270,R02C03,row_2,18
2026-08-20 10:00,34.5,69.9,8.0,766,0.0,drought,0.80,normal,29.4,29.9,270,R02C02,row_2,18
2026-08-20 11:00,34.2,55.8,8.0,975,0.0,drought,0.89,normal,8.6,29.4,270,R02C01,row_2,18
2026-08-20 12:00,33.6,61.5,8.0,864,0.0,drought,0.78,normal,8.6,49.1,90,R03C01,row_3,18
2026-08-20 13:00,32.4,64.2,8.0,919,0.0,drought,0.78,normal,29.1,49.0,90,R03C02,row_3,18
2026-08-20 14:00,32.7,60.0,8.0,763,0.0,drought,0.74,normal,50.1,49.1,90,R03C03,row_3,18
2026-08-20 15:00,34.6,63.6,8.0,676,0.0,drought,0.74,normal,71.1,49.5,90,R03C04,row_3,18
2026-08-20 16:00,32.5,63.7,8.0,505,0.0,drought,0.88,normal,91.5,49.9,90,R03C05,row_3,18
2026-08-20 17:00,30.1,63.0,8.0,224,0.0,drought,0.78,normal,111.2,50.4,90,R03C06,row_3,18
2026-08-20 18:00,25.8,68.4,8.0,0,0.0,healthy,0.96,normal,110.4,70.8,270,R04C06,row_4,18
2026-08-20 19:00,25.2,59.4,8.3,0,0.0,healthy,0.86,normal,89.3,71.0,270,R04C05,row_4,18
2026-08-20 20:00,23.5,75.7,8.0,0,0.0,healthy,0.95,normal,68.6,70.9,270,R04C04,row_4,18
2026-08-20 21:00,22.6,75.6,14.8,0,7.4,healthy,0.88,normal,48.6,70.6,270,R04C03,row_4,18
2026-08-20 22:00,20.7,75.8,18.7,0,4.8,healthy,0.83,normal,29.2,70.2,270,R04C02,row_4,18
2026-08-20 23:00,20.8,67.5,24.9,0,7.0,healthy,0.85,normal,10.2,69.7,270,R04C01,row_4,18
2026-08-21 00:00,17.2,63.6,28.7,0,4.3,healthy,0.83,normal,11.1,9.3,90,R01C01,row_1,19
2026-08-21 01:00,19.5,81.4,28.9,0,0.0,healthy,0.90,normal,31.5,9.0,90,R01C02,row_1,19
2026-08-21 02:00,19.8,76.9,28.5,0,0.0,healthy,0.87,normal,51.2,9.0,90,R01C03,row_1,19
2026-08-21 03:00,23.2,65.7,28.6,0,0.0,healthy,0.89,normal,70.3,9.3,90,R01C04,row_1,19
2026-08-21 04:00,24.0,69.5,27.8,0,0.0,healthy,0.96,normal,89.3,9.7,90,R01C05,row_1,19
2026-08-21 05:00,27.1,68.0,27.5,0,0.0,pest,0.82,normal,108.6,10.2,90,R01C06,row_1,19
2026-08-21 06:00,29.9,67.9,35.4,0,9.8,healthy,0.92,normal,108.6,30.6,270,R02C06,row_2,19
2026-08-21 07:00,27.4,67.4,38.2,164,4.6,healthy,0.86,normal,89.2,30.9,270,R02C05,row_2,19
2026-08-21 08:00,33.6,65.4,37.4,458,0.0,unknown,0.40,normal,70.2,31.0,270,R02C04,row_2,19
2026-08-21 09:00,34.8,64.6,35.9,671,0.0,healthy,0.82,normal,51.1,30.8,270,R02C03,row_2,19
2026-08-21 10:00,36.5,63.2,33.6,754,0.0,pest,0.83,normal,31.5,30.5,270,R02C02,row_2,19
2026-08-21 11:00,35.5,60.6,34.5,657,3.2,healthy,0.85,normal,11.2,30.0,270,R02C01,row_2,19
2026-08-21 12:00,34.9,59.3,32.7,902,0.0,healthy,0.90,normal,10.3,49.5,90,R03C01,row_3,19
2026-08-21 13:00,32.3,57.2,30.6,852,0.0,healthy,0.87,normal,29.3,49.1,90,R03C02,row_3,19
2026-08-21 14:00,32.9,60.2,29.1,752,0.0,healthy,0.92,normal,48.6,49.0,90,R03C03,row_3,19
2026-08-21 15:00,33.1,67.5,28.0,647,0.0,healthy,0.88,normal,68.6,49.1,90,R03C04,row_3,19
2026-08-21 16:00,31.4,60.2,26.8,490,0.0,healthy,0.87,normal,89.2,49.4,90,R03C05,row_3,19
2026-08-21 17:00,29.4,68.6,25.3,233,0.0,healthy,0.88,normal,110.2,49.9,90,R03C06,row_3,19
2026-08-21 18:00,26.0,72.4,24.6,0,0.0,healthy,0.87,normal,111.1,70.4,270,R04C06,row_4,19
2026-08-21 19:00,25.9,68.7,24.0,0,0.0,healthy,0.90,normal,91.5,70.8,270,R04C05,row_4,19
2026-08-21 20:00,26.1,56.7,23.2,0,0.0,healthy,0.90,normal,71.2,71.0,270,R04C04,row_4,19
2026-08-21 21:00,21.2,63.9,22.5,0,0.0,healthy,0.90,normal,50.3,71.0,270,R04C03,row_4,19
2026-08-21 22:00,19.2,69.4,22.3,0,0.0,healthy,0.93,normal,29.3,70.7,270,R04C02,row_4,19
2026-08-21 23:00,19.0,72.9,22.2,0,0.0,healthy,0.86,normal,8.6,70.3,270,R04C01,row_4,19
2026-08-22 00:00,19.8,71.1,22.8,0,0.0,healthy,0.96,normal,8.6,9.8,90,R01C01,row_1,20
2026-08-22 01:00,19.0,72.0,22.7,0,0.0,healthy,0.94,normal,29.2,9.3,90,R01C02,row_1,20
2026-08-22 02:00,21.5,74.0,22.1,0,0.0,healthy,0.82,normal,50.2,9.1,90,R01C03,row_1,20
2026-08-22 03:00,22.3,68.4,21.6,0,0.0,healthy,0.85,normal,71.1,9.0,90,R01C04,row_1,20
2026-08-22 04:00,23.1,70.7,21.3,0,0.0,healthy,0.94,normal,91.5,9.2,90,R01C05,row_1,20
2026-08-22 05:00,25.2,69.8,19.7,0,0.0,healthy,0.95,normal,111.2,9.6,90,R01C06,row_1,20
2026-08-22 06:00,26.5,73.7,19.5,0,0.0,pest,0.75,normal,110.3,30.1,270,R02C06,row_2,20
2026-08-22 07:00,26.3,69.1,19.1,250,0.0,healthy,0.92,normal,89.3,30.6,270,R02C05,row_2,20
2026-08-22 08:00,31.5,62.4,17.7,491,0.0,drought,0.87,normal,68.6,30.9,270,R02C04,row_2,20
2026-08-22 09:00,33.5,75.9,16.4,582,0.0,drought,0.87,normal,48.6,31.0,270,R02C03,row_2,20
2026-08-22 10:00,32.2,64.3,15.4,836,0.0,drought,0.84,normal,29.2,30.9,270,R02C02,row_2,20
2026-08-22 11:00,34.6,65.8,14.4,981,0.0,drought,0.78,normal,10.3,30.5,270,R02C01,row_2,20
2026-08-22 12:00,34.5,52.0,12.7,1000,0.0,drought,0.88,normal,11.2,50.0,90,R03C01,row_3,20
2026-08-22 13:00,35.0,53.4,10.3,847,0.0,drought,0.87,normal,31.5,49.6,90,R03C02,row_3,20
2026-08-22 14:00,32.4,63.6,8.0,798,0.0,drought,0.82,normal,51.1,49.2,90,R03C03,row_3,20
2026-08-22 15:00,33.4,61.4,8.0,587,0.0,drought,0.78,normal,70.2,49.0,90,R03C04,row_3,20
2026-08-22 16:00,30.2,73.4,8.0,498,0.0,drought,0.85,normal,89.2,49.1,90,R03C05,row_3,20
2026-08-22 17:00,28.6,60.6,8.0,213,0.0,healthy,0.95,normal,108.6,49.4,90,R03C06,row_3,20
2026-08-22 18:00,26.7,66.6,8.0,0,0.0,healthy,0.89,normal,108.6,69.8,270,R04C06,row_4,20
2026-08-22 19:00,23.7,74.7,8.0,0,0.0,healthy,0.97,normal,89.3,70.3,270,R04C05,row_4,20
2026-08-22 20:00,24.6,72.8,8.0,0,0.0,unknown,0.44,normal,70.3,70.7,270,R04C04,row_4,20
2026-08-22 21:00,22.1,70.9,13.9,0,6.7,healthy,0.95,normal,51.2,71.0,270,R04C03,row_4,20
2026-08-22 22:00,19.1,71.9,23.1,0,10.2,healthy,0.84,normal,31.5,71.0,270,R04C02,row_4,20
2026-08-22 23:00,19.4,77.3,33.5,0,11.8,healthy,0.86,normal,11.1,70.7,270,R04C01,row_4,20
2026-08-23 00:00,20.4,76.9,33.1,0,0.0,healthy,0.88,normal,10.2,10.3,90,R01C01,row_1,21
2026-08-23 01:00,20.1,78.7,32.9,0,0.0,healthy,0.83,normal,29.2,9.8,90,R01C02,row_1,21
2026-08-23 02:00,18.6,73.6,32.9,0,0.0,healthy,0.90,normal,48.6,9.4,90,R01C03,row_1,21
2026-08-23 03:00,19.7,77.3,32.8,0,0.0,healthy,0.88,normal,68.6,9.1,90,R01C04,row_1,21
2026-08-23 04:00,21.8,76.3,32.2,0,0.0,healthy,0.92,normal,89.3,9.0,90,R01C05,row_1,21
2026-08-23 05:00,24.4,70.6,31.5,0,0.0,healthy,0.94,normal,110.3,9.2,90,R01C06,row_1,21
2026-08-23 06:00,25.9,71.9,31.3,0,0.0,healthy,0.82,normal,111.2,29.5,270,R02C06,row_2,21
2026-08-23 07:00,26.9,70.5,30.4,222,0.0,healthy,0.96,normal,91.5,30.0,270,R02C05,row_2,21
2026-08-23 08:00,29.0,66.3,29.1,413,0.0,healthy,0.95,normal,71.1,30.5,270,R02C04,row_2,21
2026-08-23 09:00,31.6,59.4,28.2,603,0.0,healthy,0.96,normal,50.2,30.9,270,R02C03,row_2,21
2026-08-23 10:00,32.0,62.4,26.5,758,0.0,healthy,0.83,normal,29.2,31.0,270,R02C02,row_2,21
2026-08-23 11:00,34.3,61.6,24.8,938,0.0,healthy,0.93,normal,8.6,30.9,270,R02C01,row_2,21
2026-08-23 12:00,29.6,62.6,23.7,829,0.0,healthy,0.82,normal,8.6,50.6,90,R03C01,row_3,21
2026-08-23 13:00,34.9,59.8,22.6,773,0.0,healthy,0.95,normal,29.3,50.1,90,R03C02,row_3,21
2026-08-23 14:00,31.9,67.7,26.1,605,5.8,healthy,0.87,normal,50.3,49.6,90,R03C03,row_3,21
2026-08-23 15:00,30.2,57.7,24.9,615,0.0,healthy,0.91,normal,71.2,49.2,90,R03C04,row_3,21
2026-08-23 16:00,26.9,73.5,23.9,451,0.0,healthy,0.96,normal,91.5,49.0,90,R03C05,row_3,21
2026-08-23 17:00,27.8,75.9,22.9,210,0.0,healthy,0.97,normal,111.1,49.0,90,R03C06,row_3,21
2026-08-23 18:00,24.3,67.6,21.9,0,0.0,healthy,0.84,normal,110.2,69.3,270,R04C06,row_4,21
2026-08-23 19:00,24.7,78.2,21.8,0,0.0,healthy,0.83,normal,89.2,69.7,270,R04C05,row_4,21
2026-08-23 20:00,19.9,68.6,21.8,0,0.0,healthy,0.93,normal,68.6,70.2,270,R04C04,row_4,21
2026-08-23 21:00,19.1,70.9,21.7,0,0.0,healthy,0.90,normal,48.6,70.7,270,R04C03,row_4,21
2026-08-23 22:00,18.7,74.9,20.8,0,0.0,healthy,0.91,normal,29.3,70.9,270,R04C02,row_4,21
2026-08-23 23:00,17.6,82.8,20.7,0,0.0,healthy,0.94,normal,10.4,71.0,270,R04C01,row_4,21
2026-08-24 00:00,16.1,76.9,20.9,0,0.0,healthy,0.89,normal,11.2,10.8,90,R01C01,row_1,22
2026-08-24 01:00,18.0,75.0,20.5,0,0.0,healthy,0.87,normal,31.5,10.4,90,R01C02,row_1,22
2026-08-24 02:00,18.2,76.3,20.3,0,0.0,healthy,0.89,normal,51.1,9.9,90,R01C03,row_1,22
2026-08-24 03:00,19.6,69.5,19.7,0,0.0,healthy,0.94,normal,70.1,9.4,90,R01C04,row_1,22
2026-08-24 04:00,21.6,68.6,19.4,0,0.0,healthy,0.95,normal,89.2,9.1,90,R01C05,row_1,22
2026-08-24 05:00,23.7,68.9,25.7,0,7.6,healthy,0.83,normal,108.6,9.0,90,R01C06,row_1,22
2026-08-24 06:00,22.8,75.7,27.6,0,2.3,healthy,0.90,normal,108.6,29.1,270,R02C06,row_2,22
2026-08-24 07:00,26.7,67.0,33.3,168,7.0,healthy,0.89,normal,89.4,29.5,270,R02C05,row_2,22
2026-08-24 08:00,31.4,64.3,34.7,376,2.6,healthy,0.84,normal,70.4,30.0,270,R02C04,row_2,22
2026-08-24 09:00,28.9,66.0,38.8,474,5.5,healthy,0.96,normal,51.2,30.4,270,R02C03,row_2,22
2026-08-24 10:00,32.2,56.9,37.3,823,0.0,healthy,0.92,normal,31.5,30.8,270,R02C02,row_2,22
2026-08-24 11:00,30.7,61.5,35.7,938,0.0,healthy,0.94,normal,11.1,31.0,270,R02C01,row_2,22
2026-08-24 12:00,32.2,65.5,34.0,925,0.0,healthy,0.82,normal,10.1,50.9,90,R03C01,row_3,22
2026-08-24 13:00,31.2,64.2,32.8,879,0.0,healthy,0.86,normal,29.1,50.6,90,R03C02,row_3,22
2026-08-24 14:00,31.4,62.6,30.8,823,0.0,healthy,0.93,normal,48.5,50.2,90,R03C03,row_3,22
2026-08-24 15:00,31.8,63.2,29.4,696,0.0,pest,0.66,normal,68.6,49.7,90,R03C04,row_3,22
2026-08-24 16:00,28.7,60.2,27.9,410,0.0,healthy,0.92,normal,89.4,49.3,90,R03C05,row_3,22
2026-08-24 17:00,26.9,70.5,27.1,232,0.0,healthy,0.94,normal,110.4,49.0,90,R03C06,row_3,22
2026-08-24 18:00,24.1,70.3,26.4,0,0.0,pest,0.72,normal,111.2,69.0,270,R04C06,row_4,22
2026-08-24 19:00,21.8,74.4,26.5,0,0.0,healthy,0.87,normal,91.5,69.3,270,R04C05,row_4,22
2026-08-24 20:00,20.5,81.3,26.4,0,0.0,healthy,0.95,normal,71.0,69.7,270,R04C04,row_4,22
2026-08-24 21:00,18.9,77.2,26.7,0,0.0,healthy,0.93,normal,50.1,70.2,270,R04C03,row_4,22
2026-08-24 22:00,16.4,77.5,27.1,0,0.0,healthy,0.95,normal,29.1,70.6,270,R04C02,row_4,22
2026-08-24 23:00,14.7,80.1,26.7,0,0.0,healthy,0.93,normal,8.5,70.9,270,R04C01,row_4,22
2026-08-25 00:00,16.0,74.7,26.8,0,0.0,healthy,0.92,normal,8.7,11.0,90,R01C01,row_1,23
2026-08-25 01:00,17.7,82.1,26.4,0,0.0,healthy,0.90,normal,29.4,10.8,90,R01C02,row_1,23
2026-08-25 02:00,18.1,72.6,26.4,0,0.0,pest,0.77,normal,50.4,10.4,90,R01C03,row_1,23
2026-08-25 03:00,20.5,78.6,26.5,0,0.0,healthy,0.85,normal,71.3,10.0,90,R01C04,row_1,23
2026-08-25 04:00,21.9,65.8,29.7,0,4.2,pest,0.72,normal,91.5,9.5,90,R01C05,row_1,23
2026-08-25 05:00,20.6,73.4,37.1,0,8.9,healthy,0.83,normal,111.0,9.1,90,R01C06,row_1,23
2026-08-25 06:00,24.5,72.2,36.5,0,0.0,healthy,0.87,normal,110.1,29.0,270,R02C06,row_2,23
2026-08-25 07:00,26.0,68.0,36.2,255,0.0,healthy,0.88,normal,89.1,29.1,270,R02C05,row_2,23
2026-08-25 08:00,24.6,68.0,35.3,391,0.0,pest,0.72,normal,68.5,29.4,270,R02C04,row_2,23
2026-08-25 09:00,29.0,72.5,34.7,578,0.0,healthy,0.84,normal,48.7,29.9,270,R02C03,row_2,23
2026-08-25 10:00,29.9,66.5,33.4,681,0.0,healthy,0.85,normal,29.4,30.4,270,R02C02,row_2,23
2026-08-25 11:00,31.6,61.8,32.5,880,0.0,healthy,0.93,normal,10.5,30.8,270,R02C01,row_2,23
2026-08-25 12:00,34.3,56.7,30.9,973,0.0,healthy,0.93,normal,11.3,51.0,90,R03C01,row_3,23
2026-08-25 13:00,34.0,54.4,28.7,785,0.0,healthy,0.89,normal,31.5,50.9,90,R03C02,row_3,23
2026-08-25 14:00,30.9,70.5,27.3,859,0.0,healthy,0.84,normal,51.0,50.7,90,R03C03,row_3,23
2026-08-25 15:00,28.2,65.6,25.9,711,0.0,healthy,0.83,normal,70.0,50.2,90,R03C04,row_3,23
2026-08-25 16:00,26.9,71.2,24.8,449,0.0,healthy,0.95,normal,89.1,49.8,90,R03C05,row_3,23
2026-08-25 17:00,25.4,68.3,24.3,221,0.0,healthy,0.83,normal,108.5,49.3,90,R03C06,row_3,23
2026-08-25 18:00,23.8,67.7,23.8,0,0.0,healthy,0.86,normal,108.7,69.1,270,R04C06,row_4,23
2026-08-25 19:00,21.1,72.4,23.5,0,0.0,healthy,0.85,normal,89.5,69.0,270,R04C05,row_4,23
2026-08-25 20:00,18.5,79.7,23.7,0,0.0,healthy,0.93,normal,70.5,69.2,270,R04C04,row_4,23
2026-08-25 21:00,17.6,73.8,24.2,0,0.0,healthy,0.90,normal,51.3,69.6,270,R04C03,row_4,23
2026-08-25 22:00,17.4,79.4,24.2,0,0.0,healthy,0.97,normal,31.5,70.1,270,R04C02,row_4,23
2026-08-25 23:00,13.8,79.5,24.0,0,0.0,healthy,0.84,normal,11.0,70.6,270,R04C01,row_4,23
2026-08-26 00:00,14.1,78.0,23.6,0,0.0,healthy,0.89,normal,10.0,10.9,90,R01C01,row_1,24
2026-08-26 01:00,16.8,79.0,23.4,0,0.0,healthy,0.86,normal,29.1,11.0,90,R01C02,row_1,24
2026-08-26 02:00,17.5,80.1,23.6,0,0.0,healthy,0.87,normal,48.5,10.9,90,R01C03,row_1,24
2026-08-26 03:00,18.7,75.7,23.7,0,0.0,healthy,0.83,normal,68.7,10.5,90,R01C04,row_1,24
2026-08-26 04:00,20.2,75.8,23.1,0,0.0,healthy,0.85,normal,89.5,10.0,90,R01C05,row_1,24
2026-08-26 05:00,19.5,68.5,22.5,0,0.0,healthy,0.95,normal,110.5,9.5,90,R01C06,row_1,24
2026-08-26 06:00,21.5,73.8,21.9,0,0.0,unknown,0.29,normal,111.3,29.2,270,R02C06,row_2,24
2026-08-26 07:00,24.7,68.5,21.4,253,0.0,healthy,0.94,normal,91.5,29.0,270,R02C05,row_2,24
2026-08-26 08:00,26.6,66.9,21.2,408,0.0,pest,0.74,normal,71.0,29.1,270,R02C04,row_2,24
2026-08-26 09:00,27.6,71.5,20.2,628,0.0,healthy,0.87,normal,50.0,29.4,270,R02C03,row_2,24
2026-08-26 10:00,29.9,70.9,18.7,768,0.0,drought,0.75,normal,29.0,29.8,270,R02C02,row_2,24
2026-08-26 11:00,32.7,59.5,17.2,859,0.0,drought,0.82,normal,8.5,30.3,270,R02C01,row_2,24
2026-08-26 12:00,31.1,60.5,15.7,990,0.0,drought,0.79,normal,8.7,50.7,90,R03C01,row_3,24
2026-08-26 13:00,29.9,68.7,21.8,470,8.5,drought,0.74,normal,29.5,51.0,90,R03C02,row_3,24
2026-08-26 14:00,29.9,62.9,24.3,693,4.1,healthy,0.86,normal,50.5,51.0,90,R03C03,row_3,24
2026-08-26 15:00,27.5,63.1,33.3,253,11.0,healthy,0.90,normal,71.3,50.7,90,R03C04,row_3,24
2026-08-26 16:00,27.3,69.1,36.1,395,3.8,healthy,0.96,normal,91.5,50.3,90,R03C05,row_3,24
2026-08-26 17:00,22.5,66.9,35.1,254,0.0,healthy,0.88,normal,110.9,49.8,90,R03C06,row_3,24
2026-08-26 18:00,22.1,70.1,34.4,0,0.0,healthy,0.91,normal,110.0,69.4,270,R04C06,row_4,24
2026-08-26 19:00,20.5,70.0,33.9,0,0.0,healthy,0.94,normal,89.0,69.1,270,R04C05,row_4,24
2026-08-26 20:00,19.4,82.9,33.0,0,0.0,healthy,0.93,normal,68.5,69.0,270,R04C04,row_4,24
2026-08-26 21:00,17.2,84.5,32.8,0,0.0,healthy,0.96,normal,48.7,69.2,270,R04C03,row_4,24
2026-08-26 22:00,15.6,85.5,33.1,0,0.0,healthy,0.96,normal,29.5,69.6,270,R04C02,row_4,24
2026-08-26 23:00,12.0,83.1,33.4,0,0.0,healthy,0.89,normal,10.6,70.0,270,R04C01,row_4,24
2026-08-27 00:00,12.7,78.7,32.9,0,0.0,healthy,0.94,normal,11.3,10.5,90,R01C01,row_1,25
2026-08-27 01:00,13.7,75.6,32.8,0,0.0,healthy,0.86,normal,31.5,10.9,90,R01C02,row_1,25
2026-08-27 02:00,15.3,80.5,32.9,0,0.0,healthy,0.90,normal,50.9,11.0,90,R01C03,row_1,25
2026-08-27 03:00,16.4,84.4,33.0,0,0.0,healthy,0.82,normal,69.9,10.9,90,R01C04,row_1,25
2026-08-27 04:00,17.9,75.4,33.1,0,0.0,healthy,0.86,normal,89.0,10.6,90,R01C05,row_1,25
2026-08-27 05:00,21.3,83.3,39.7,0,8.2,healthy,0.82,normal,108.5,10.1,90,R01C06,row_1,25
2026-08-27 06:00,21.0,82.2,43.5,0,4.7,healthy,0.91,normal,108.7,29.6,270,R02C06,row_2,25
2026-08-27 07:00,26.2,58.8,43.9,244,1.3,healthy,0.89,normal,89.5,29.2,270,R02C05,row_2,25
2026-08-27 08:00,25.3,74.6,43.2,439,0.0,healthy,0.90,normal,70.6,29.0,270,R02C04,row_2,25
2026-08-27 09:00,28.6,64.0,42.5,576,0.0,healthy,0.84,normal,51.3,29.1,270,R02C03,row_2,25
2026-08-27 10:00,30.4,64.5,42.4,793,0.0,healthy,0.88,normal,31.5,29.3,270,R02C02,row_2,25
2026-08-27 11:00,30.3,63.2,40.9,847,0.0,healthy,0.85,normal,10.9,29.8,270,R02C01,row_2,25
2026-08-27 12:00,29.2,64.0,39.8,1000,0.0,healthy,0.89,normal,9.9,50.3,90,R03C01,row_3,25
2026-08-27 13:00,30.5,63.9,38.2,943,0.0,healthy,0.90,normal,29.0,50.7,90,R03C02,row_3,25
2026-08-27 14:00,29.9,53.8,36.8,862,0.0,healthy,0.94,normal,48.5,51.0,90,R03C03,row_3,25
2026-08-27 15:00,28.0,69.2,35.6,565,0.0,healthy,0.89,normal,68.7,51.0,90,R03C04,row_3,25
2026-08-27 16:00,25.2,69.6,35.2,457,0.0,healthy,0.86,normal,89.6,50.8,90,R03C05,row_3,25
2026-08-27 17:00,24.5,65.3,34.2,258,0.0,healthy,0.91,normal,110.6,50.4,90,R03C06,row_3,25
2026-08-27 18:00,21.8,72.9,33.2,0,0.0,unknown,0.33,normal,111.3,69.9,270,R04C06,row_4,25
2026-08-27 19:00,20.9,68.8,33.1,0,0.0,pest,0.71,normal,91.5,69.4,270,R04C05,row_4,25
2026-08-27 20:00,18.8,79.8,33.7,0,0.0,healthy,0.86,normal,70.9,69.1,270,R04C04,row_4,25
2026-08-27 21:00,17.7,72.7,33.9,0,0.0,healthy,0.90,normal,49.9,69.0,270,R04C03,row_4,25
2026-08-27 22:00,15.5,81.1,33.5,0,0.0,healthy,0.88,normal,29.0,69.1,270,R04C02,row_4,25
2026-08-27 23:00,15.1,74.3,34.1,0,0.0,healthy,0.90,normal,8.5,69.5,270,R04C01,row_4,25
2026-08-28 00:00,13.1,80.8,34.1,0,0.0,unknown,0.35,low_vision_confidence,8.8,10.0,90,R01C01,row_1,26
2026-08-28 01:00,15.0,72.7,34.9,0,0.0,pest,0.83,normal,29.6,10.5,90,R01C02,row_1,26
2026-08-28 02:00,16.7,76.8,41.4,0,6.8,healthy,0.92,normal,50.6,10.8,90,R01C03,row_1,26
2026-08-28 03:00,16.5,75.0,47.4,0,7.3,healthy,0.90,normal,71.4,11.0,90,R01C04,row_1,26
2026-08-28 04:00,18.9,75.6,56.8,0,11.0,waterlogging,0.79,normal,91.5,10.9,90,R01C05,row_1,26
2026-08-28 05:00,20.3,73.9,61.3,0,5.0,healthy,0.92,normal,110.9,10.6,90,R01C06,row_1,26
2026-08-28 06:00,23.6,70.0,65.0,0,7.6,unknown,0.39,normal,109.9,30.2,270,R02C06,row_2,26
2026-08-28 07:00,24.2,74.1,65.0,250,0.0,healthy,0.94,normal,88.9,29.7,270,R02C05,row_2,26
2026-08-28 08:00,28.2,69.1,64.5,449,0.0,healthy,0.88,normal,68.5,29.3,270,R02C04,row_2,26
2026-08-28 09:00,27.3,64.8,62.7,658,0.0,healthy,0.86,normal,48.8,29.0,270,R02C03,row_2,26
2026-08-28 10:00,29.4,67.6,65.0,428,9.7,waterlogging,0.88,normal,29.6,29.0,270,R02C02,row_2,26
2026-08-28 11:00,30.6,66.0,65.0,505,8.5,waterlogging,0.72,normal,10.6,29.3,270,R02C01,row_2,26
2026-08-28 12:00,29.4,57.1,63.9,932,0.0,healthy,0.90,normal,11.4,49.7,90,R03C01,row_3,26
2026-08-28 13:00,29.2,68.1,62.3,904,0.0,healthy,0.96,normal,31.4,50.2,90,R03C02,row_3,26
2026-08-28 14:00,30.1,63.3,60.7,798,0.0,healthy,0.88,normal,50.8,50.6,90,R03C03,row_3,26
2026-08-28 15:00,29.9,64.9,65.0,302,11.2,waterlogging,0.71,normal,69.8,50.9,90,R03C04,row_3,26
2026-08-28 16:00,27.3,67.2,65.0,326,3.3,healthy,0.91,normal,88.9,51.0,90,R03C05,row_3,26
2026-08-28 17:00,24.8,69.0,65.0,206,3.4,healthy,0.87,normal,108.5,50.8,90,R03C06,row_3,26
2026-08-28 18:00,22.7,72.4,65.0,0,0.0,healthy,0.91,normal,108.8,70.4,270,R04C06,row_4,26
2026-08-28 19:00,22.9,71.7,64.4,0,0.0,healthy,0.86,normal,89.6,69.9,270,R04C05,row_4,26
2026-08-28 20:00,19.0,73.5,64.2,0,0.0,pest,0.77,normal,70.7,69.5,270,R04C04,row_4,26
2026-08-28 21:00,17.8,69.4,64.2,0,0.0,pest,0.74,normal,51.4,69.1,270,R04C03,row_4,26
2026-08-28 22:00,16.2,75.2,64.5,0,0.0,healthy,0.91,normal,31.4,69.0,270,R04C02,row_4,26
2026-08-28 23:00,15.4,84.1,63.8,0,0.0,healthy,0.94,normal,10.8,69.1,270,R04C01,row_4,26
2026-08-29 00:00,16.9,75.8,63.1,0,0.0,pest,0.74,normal,9.8,9.4,90,R01C01,row_1,27
2026-08-29 01:00,15.2,75.7,63.1,0,0.0,healthy,0.95,normal,28.9,9.9,90,R01C02,row_1,27
2026-08-29 02:00,15.3,80.1,63.2,0,0.0,healthy,0.86,normal,48.5,10.4,90,R01C03,row_1,27
2026-08-29 03:00,16.4,76.6,63.4,0,0.0,healthy,0.96,normal,68.8,10.8,90,R01C04,row_1,27
2026-08-29 04:00,16.9,69.2,63.5,0,0.0,healthy,0.88,normal,89.7,11.0,90,R01C05,row_1,27
2026-08-29 05:00,20.6,70.6,63.3,0,0.0,healthy,0.83,normal,110.7,10.9,90,R01C06,row_1,27
2026-08-29 06:00,21.5,80.1,63.1,0,0.0,healthy,0.95,normal,111.4,30.7,270,R02C06,row_2,27
2026-08-29 07:00,22.6,64.3,62.7,221,0.0,healthy,0.90,normal,91.4,30.2,270,R02C05,row_2,27
2026-08-29 08:00,28.3,65.7,61.0,419,0.0,healthy,0.88,normal,70.8,29.7,270,R02C04,row_2,27
2026-08-29 09:00,28.9,63.9,59.7,618,0.0,healthy,0.86,normal,49.8,29.3,270,R02C03,row_2,27
2026-08-29 10:00,28.7,71.7,58.8,854,0.0,healthy,0.85,normal,28.9,29.0,270,R02C02,row_2,27
2026-08-29 11:00,30.7,68.2,57.7,763,0.0,healthy,0.92,normal,8.5,29.0,270,R02C01,row_2,27
2026-08-29 12:00,31.5,64.0,55.9,928,0.0,healthy,0.92,normal,8.8,49.2,90,R03C01,row_3,27
2026-08-29 13:00,31.7,64.1,55.2,775,0.0,healthy,0.92,normal,29.7,49.6,90,R03C02,row_3,27
2026-08-29 14:00,32.2,61.5,54.1,701,0.0,pest,0.74,normal,50.7,50.1,90,R03C03,row_3,27
2026-08-29 15:00,30.0,64.2,52.3,635,0.0,healthy,0.86,normal,71.4,50.6,90,R03C04,row_3,27
2026-08-29 16:00,29.7,76.4,51.3,446,0.0,pest,0.81,normal,91.4,50.9,90,R03C05,row_3,27
2026-08-29 17:00,25.7,68.3,52.7,206,2.8,unknown,0.34,normal,110.8,51.0,90,R03C06,row_3,27
2026-08-29 18:00,25.2,61.2,55.4,0,3.3,healthy,0.96,normal,109.8,70.8,270,R04C06,row_4,27
2026-08-29 19:00,22.5,71.3,56.9,0,2.0,healthy,0.85,normal,88.9,70.5,270,R04C05,row_4,27
2026-08-29 20:00,20.7,72.7,57.3,0,0.0,healthy,0.89,normal,68.5,70.0,270,R04C04,row_4,27
2026-08-29 21:00,16.2,84.1,57.1,0,0.0,healthy,0.96,normal,48.8,69.5,270,R04C03,row_4,27
2026-08-29 22:00,17.7,81.9,57.1,0,0.0,healthy,0.85,normal,29.7,69.2,270,R04C02,row_4,27
2026-08-29 23:00,16.3,76.1,57.2,0,0.0,healthy,0.96,normal,10.7,69.0,270,R04C01,row_4,27
2026-08-30 00:00,13.2,73.3,56.8,0,0.0,unknown,0.47,normal,11.4,9.1,90,R01C01,row_1,28
2026-08-30 01:00,16.2,81.5,57.4,0,0.0,healthy,0.96,normal,31.4,9.4,90,R01C02,row_1,28
2026-08-30 02:00,15.5,77.4,57.7,0,0.0,healthy,0.87,normal,50.8,9.8,90,R01C03,row_1,28
2026-08-30 03:00,16.9,76.6,65.0,0,11.8,waterlogging,0.84,normal,69.7,10.3,90,R01C04,row_1,28
2026-08-30 04:00,20.4,69.4,65.0,0,7.1,healthy,0.92,normal,88.9,10.7,90,R01C05,row_1,28
2026-08-30 05:00,20.5,76.8,64.6,0,0.0,healthy,0.94,normal,108.5,11.0,90,R01C06,row_1,28
2026-08-30 06:00,23.1,68.1,64.7,0,0.0,healthy,0.90,normal,108.9,31.0,270,R02C06,row_2,28
2026-08-30 07:00,25.8,70.3,64.0,236,0.0,healthy,0.83,normal,89.7,30.7,270,R02C05,row_2,28
2026-08-30 08:00,28.2,66.7,63.0,470,0.0,healthy,0.87,normal,70.8,30.3,270,R02C04,row_2,28
2026-08-30 09:00,29.4,60.1,61.5,708,0.0,healthy,0.83,normal,51.4,29.8,270,R02C03,row_2,28
2026-08-30 10:00,33.3,57.9,60.1,795,0.0,healthy,0.86,normal,31.4,29.4,270,R02C02,row_2,28
2026-08-30 11:00,33.5,54.0,58.1,984,0.0,healthy,0.90,normal,10.7,29.1,270,R02C01,row_2,28
2026-08-30 12:00,34.5,67.8,56.5,908,0.0,healthy,0.83,normal,9.7,49.0,90,R03C01,row_3,28
2026-08-30 13:00,32.3,62.9,55.3,817,0.0,healthy,0.86,normal,28.8,49.2,90,R03C02,row_3,28
2026-08-30 14:00,31.5,74.2,54.3,677,0.0,healthy,0.85,normal,48.5,49.6,90,R03C03,row_3,28
2026-08-30 15:00,29.9,63.2,52.8,718,0.0,healthy,0.96,normal,68.9,50.1,90,R03C04,row_3,28
2026-08-30 16:00,30.2,67.5,51.3,453,0.0,healthy,0.85,normal,89.8,50.5,90,R03C05,row_3,28
2026-08-30 17:00,26.3,64.5,50.1,244,0.0,healthy,0.85,normal,110.8,50.9,90,R03C06,row_3,28
2026-08-30 18:00,24.2,80.6,49.2,0,0.0,healthy,0.93,normal,111.4,71.0,270,R04C06,row_4,28
2026-08-30 19:00,23.9,78.3,48.6,0,0.0,healthy,0.84,normal,91.4,70.9,270,R04C05,row_4,28
2026-08-30 20:00,22.5,69.6,48.3,0,0.0,healthy,0.95,normal,70.7,70.5,270,R04C04,row_4,28
2026-08-30 21:00,20.3,79.0,48.4,0,0.0,healthy,0.83,normal,49.7,70.1,270,R04C03,row_4,28
2026-08-30 22:00,19.1,78.8,48.0,0,0.0,healthy,0.91,normal,28.8,69.6,270,R04C02,row_4,28
2026-08-30 23:00,16.0,77.5,47.8,0,0.0,healthy,0.89,normal,8.5,69.2,270,R04C01,row_4,28
2026-08-31 00:00,17.6,74.5,48.3,0,0.0,healthy,0.86,normal,8.9,9.0,90,R01C01,row_1,29
2026-08-31 01:00,15.9,83.1,48.2,0,0.0,healthy,0.87,normal,29.8,9.1,90,R01C02,row_1,29
2026-08-31 02:00,16.4,75.6,47.8,0,0.0,healthy,0.95,normal,50.8,9.3,90,R01C03,row_1,29
2026-08-31 03:00,20.2,70.5,47.8,0,0.0,healthy,0.95,normal,71.4,9.8,90,R01C04,row_1,29
2026-08-31 04:00,21.9,70.8,46.8,0,0.0,unknown,0.32,normal,91.4,10.3,90,R01C05,row_1,29
2026-08-31 05:00,23.7,63.6,46.5,0,0.0,healthy,0.92,normal,110.7,10.7,90,R01C06,row_1,29
2026-08-31 06:00,26.5,70.0,46.3,0,0.0,healthy,0.93,normal,109.7,31.0,270,R02C06,row_2,29
2026-08-31 07:00,28.0,62.8,45.2,215,0.0,healthy,0.92,normal,88.8,31.0,270,R02C05,row_2,29
2026-08-31 08:00,30.7,57.8,44.3,456,0.0,healthy,0.92,normal,68.5,30.8,270,R02C04,row_2,29
2026-08-31 09:00,30.5,69.7,42.8,623,0.0,healthy,0.94,normal,48.9,30.4,270,R02C03,row_2,29
2026-08-31 10:00,31.6,60.3,41.9,676,0.0,healthy,0.94,normal,29.8,29.9,270,R02C02,row_2,29
2026-08-31 11:00,33.2,64.3,39.9,940,0.0,healthy,0.92,normal,10.8,29.4,270,R02C01,row_2,29
2026-08-31 12:00,32.0,61.1,38.0,869,0.0,healthy,0.89,normal,11.4,49.1,90,R03C01,row_3,29
2026-08-31 13:00,35.2,62.9,45.4,460,9.8,healthy,0.94,normal,31.4,49.0,90,R03C02,row_3,29
2026-08-31 14:00,31.8,66.6,47.6,697,3.4,unknown,0.34,normal,50.7,49.2,90,R03C03,row_3,29
2026-08-31 15:00,32.3,61.6,52.2,385,6.8,healthy,0.89,normal,69.6,49.5,90,R03C04,row_3,29
2026-08-31 16:00,30.6,59.2,61.2,178,11.2,waterlogging,0.88,normal,88.8,50.0,90,R03C05,row_3,29
2026-08-31 17:00,28.5,66.1,60.8,203,0.0,healthy,0.93,normal,108.5,50.5,90,R03C06,row_3,29
2026-08-31 18:00,25.7,67.4,59.5,0,0.0,healthy,0.96,normal,108.9,70.8,270,R04C06,row_4,29
2026-08-31 19:00,24.3,66.7,59.7,0,0.0,healthy,0.91,normal,89.8,71.0,270,R04C05,row_4,29
2026-08-31 20:00,20.7,71.2,59.2,0,0.0,healthy,0.92,normal,70.8,70.9,270,R04C04,row_4,29
2026-08-31 21:00,18.8,82.9,63.1,0,4.9,healthy,0.93,normal,51.4,70.6,270,R04C03,row_4,29
2026-08-31 22:00,19.4,74.0,65.0,0,11.9,waterlogging,0.79,normal,31.4,70.1,270,R04C02,row_4,29
2026-08-31 23:00,18.5,79.8,64.8,0,0.0,healthy,0.95,normal,10.6,69.7,270,R04C01,row_4,29
2026-09-01 00:00,17.4,73.5,64.4,0,0.0,healthy,0.95,normal,9.6,9.2,90,R01C01,row_1,30
2026-09-01 01:00,19.2,76.1,64.6,0,0.0,healthy,0.89,normal,28.8,9.0,90,R01C02,row_1,30
2026-09-01 02:00,19.2,69.9,65.0,0,0.0,healthy,0.93,normal,48.5,9.0,90,R01C03,row_1,30
2026-09-01 03:00,21.9,72.5,64.1,0,0.0,healthy,0.86,normal,68.9,9.3,90,R01C04,row_1,30
2026-09-01 04:00,20.6,73.5,63.8,0,0.0,healthy,0.87,normal,89.9,9.7,90,R01C05,row_1,30
2026-09-01 05:00,24.5,67.0,63.2,0,0.0,healthy,0.95,normal,110.9,10.2,90,R01C06,row_1,30
2026-09-01 06:00,25.0,64.2,62.8,0,0.0,healthy,0.93,normal,111.4,30.7,270,R02C06,row_2,30
2026-09-01 07:00,29.0,65.1,61.6,256,0.0,healthy,0.91,normal,91.4,30.9,270,R02C05,row_2,30
2026-09-01 08:00,30.2,74.2,60.8,502,0.0,healthy,0.89,normal,70.6,31.0,270,R02C04,row_2,30
2026-09-01 09:00,32.4,59.5,59.1,597,0.0,pest,0.67,normal,49.6,30.8,270,R02C03,row_2,30
2026-09-01 10:00,34.8,59.1,57.2,861,0.0,pest,0.78,normal,28.8,30.4,270,R02C02,row_2,30
2026-09-01 11:00,32.3,62.9,55.6,871,0.0,pest,0.64,normal,8.5,29.9,270,R02C01,row_2,30
2026-09-01 12:00,33.9,62.3,53.3,854,0.0,pest,0.66,normal,9.0,49.5,90,R03C01,row_3,30
2026-09-01 13:00,34.9,57.8,54.9,721,3.3,healthy,0.95,normal,29.9,49.1,90,R03C02,row_3,30
2026-09-01 14:00,32.4,63.8,59.5,496,6.5,healthy,0.90,normal,50.9,49.0,90,R03C03,row_3,30
2026-09-01 15:00,30.9,57.5,63.5,401,6.7,healthy,0.87,normal,71.5,49.1,90,R03C04,row_3,30
2026-09-01 16:00,28.0,64.8,65.0,306,6.5,healthy,0.95,normal,91.3,49.5,90,R03C05,row_3,30
2026-09-01 17:00,28.7,76.2,63.4,235,0.0,healthy,0.85,normal,110.6,49.9,90,R03C06,row_3,30
2026-09-01 18:00,25.4,72.9,62.1,0,0.0,healthy,0.84,normal,109.6,70.4,270,R04C06,row_4,30
2026-09-01 19:00,25.8,72.6,61.3,0,0.0,healthy,0.85,normal,88.7,70.8,270,R04C05,row_4,30
2026-09-01 20:00,22.7,64.5,61.3,0,0.0,healthy,0.88,normal,68.5,71.0,270,R04C04,row_4,30
2026-09-01 21:00,23.9,66.2,60.6,0,0.0,healthy,0.87,normal,49.0,70.9,270,R04C03,row_4,30
2026-09-01 22:00,18.2,76.0,61.0,0,0.0,healthy,0.84,normal,29.9,70.7,270,R04C02,row_4,30
2026-09-01 23:00,21.4,62.9,61.3,0,0.0,healthy,0.93,normal,10.9,70.2,270,R04C01,row_4,30
2026-09-02 00:00,18.3,76.4,61.3,0,0.0,healthy,0.87,normal,11.5,9.7,90,R01C01,row_1,31
2026-09-02 01:00,19.0,71.4,61.4,0,0.0,healthy,0.95,normal,31.3,9.3,90,R01C02,row_1,31
2026-09-02 02:00,19.9,64.9,61.3,0,0.0,unknown,0.31,normal,50.6,9.0,90,R01C03,row_1,31
2026-09-02 03:00,19.8,70.1,61.3,0,0.0,unknown,0.47,normal,69.6,9.0,90,R01C04,row_1,31
2026-09-02 04:00,23.4,72.1,61.0,0,0.0,unknown,0.30,normal,88.7,9.2,90,R01C05,row_1,31
2026-09-02 05:00,24.6,71.0,60.1,0,0.0,pest,0.77,normal,108.5,9.7,90,R01C06,row_1,31
2026-09-02 06:00,26.9,70.1,58.9,0,0.0,healthy,0.91,normal,109.0,30.1,270,R02C06,row_2,31
2026-09-02 07:00,29.2,62.6,58.1,207,0.0,healthy,0.84,normal,89.9,30.6,270,R02C05,row_2,31
2026-09-02 08:00,31.4,76.2,56.6,477,0.0,healthy,0.96,normal,70.9,30.9,270,R02C04,row_2,31
2026-09-02 09:00,33.0,51.7,55.6,589,0.0,healthy,0.97,normal,51.5,31.0,270,R02C03,row_2,31
2026-09-02 10:00,35.6,61.1,53.6,844,0.0,healthy,0.92,normal,31.3,30.8,270,R02C02,row_2,31
2026-09-02 11:00,33.7,58.8,52.1,982,0.0,healthy,0.94,normal,10.6,30.5,270,R02C01,row_2,31
2026-09-02 12:00,37.7,56.6,50.4,868,0.0,healthy,0.84,normal,9.5,50.0,90,R03C01,row_3,31
2026-09-02 13:00,34.3,58.7,49.1,866,0.0,healthy,0.87,normal,28.7,49.5,90,R03C02,row_3,31
2026-09-02 14:00,33.2,59.3,47.4,855,0.0,healthy,0.97,normal,48.5,49.2,90,R03C03,row_3,31
2026-09-02 15:00,33.3,56.5,46.2,696,0.0,healthy,0.88,normal,69.0,49.0,90,R03C04,row_3,31
2026-09-02 16:00,32.4,64.8,44.9,456,0.0,healthy,0.90,normal,90.0,49.1,90,R03C05,row_3,31
2026-09-02 17:00,28.2,69.3,44.1,245,0.0,healthy,0.92,normal,110.9,49.4,90,R03C06,row_3,31
2026-09-02 18:00,27.4,69.1,43.6,0,0.0,healthy,0.85,normal,111.5,69.9,270,R04C06,row_4,31
2026-09-02 19:00,25.3,64.7,43.4,0,0.0,healthy,0.93,normal,91.3,70.4,270,R04C05,row_4,31
2026-09-02 20:00,24.9,69.3,43.0,0,0.0,healthy,0.85,normal,70.5,70.8,270,R04C04,row_4,31
2026-09-02 21:00,22.0,78.5,42.7,0,0.0,healthy,0.88,normal,49.5,71.0,270,R04C03,row_4,31
2026-09-02 22:00,21.1,75.1,42.6,0,0.0,healthy,0.92,normal,28.7,71.0,270,R04C02,row_4,31
2026-09-02 23:00,19.4,68.1,42.7,0,0.0,healthy,0.91,normal,8.5,70.7,270,R04C01,row_4,31
2026-09-03 00:00,19.1,74.9,43.0,0,0.0,healthy,0.86,normal,9.0,10.3,90,R01C01,row_1,32
2026-09-03 01:00,19.2,71.1,52.7,0,10.9,waterlogging,0.83,normal,30.0,9.8,90,R01C02,row_1,32
2026-09-03 02:00,21.7,68.4,57.2,0,5.1,healthy,0.86,normal,51.0,9.3,90,R01C03,row_1,32
2026-09-03 03:00,21.6,84.9,65.0,0,9.9,waterlogging,0.85,normal,71.5,9.1,90,R01C04,row_1,32
2026-09-03 04:00,23.1,76.8,65.0,0,6.7,healthy,0.91,normal,91.3,9.0,90,R01C05,row_1,32
2026-09-03 05:00,24.4,72.7,64.6,0,0.0,healthy,0.95,normal,110.5,9.2,90,R01C06,row_1,32
2026-09-03 06:00,25.5,70.4,64.1,0,0.0,healthy,0.91,normal,109.5,29.6,270,R02C06,row_2,32
2026-09-03 07:00,29.9,67.5,63.5,212,0.0,healthy,0.86,normal,88.7,30.1,270,R02C05,row_2,32
2026-09-03 08:00,31.0,50.4,61.7,445,0.0,healthy,0.84,normal,68.5,30.5,270,R02C04,row_2,32
2026-09-03 09:00,33.3,62.0,60.2,639,0.0,healthy,0.93,normal,49.0,30.9,270,R02C03,row_2,32
2026-09-03 10:00,34.7,63.3,58.0,731,0.0,healthy,0.86,normal,30.0,31.0,270,R02C02,row_2,32
2026-09-03 11:00,35.1,61.4,56.0,865,0.0,healthy,0.94,normal,11.0,30.9,270,R02C01,row_2,32
2026-09-03 12:00,36.8,59.4,54.3,943,0.0,healthy,0.85,normal,11.5,50.5,90,R03C01,row_3,32
2026-09-03 13:00,35.9,57.1,52.8,823,0.0,healthy,0.86,normal,31.3,50.1,90,R03C02,row_3,32
2026-09-03 14:00,34.2,61.1,51.8,866,0.0,healthy,0.89,normal,50.5,49.6,90,R03C03,row_3,32
2026-09-03 15:00,31.1,70.2,50.2,587,0.0,healthy,0.91,normal,69.5,49.2,90,R03C04,row_3,32
2026-09-03 16:00,33.8,68.8,49.0,446,0.0,healthy,0.96,normal,88.7,49.0,90,R03C05,row_3,32
2026-09-03 17:00,32.4,63.7,48.0,219,0.0,healthy,0.87,normal,108.5,49.1,90,R03C06,row_3,32
2026-09-03 18:00,29.4,66.3,46.3,0,0.0,healthy,0.90,normal,109.1,69.4,270,R04C06,row_4,32
2026-09-03 19:00,26.5,69.8,45.7,0,0.0,healthy,0.85,normal,90.0,69.8,270,R04C05,row_4,32
2026-09-03 20:00,25.0,61.4,49.1,0,4.3,healthy,0.96,normal,71.0,70.3,270,R04C04,row_4,32
2026-09-03 21:00,21.7,76.4,50.0,0,1.7,healthy,0.86,normal,51.5,70.7,270,R04C03,row_4,32
2026-09-03 22:00,22.1,71.0,55.0,0,6.2,healthy,0.87,normal,31.3,71.0,270,R04C02,row_4,32
2026-09-03 23:00,20.0,68.6,62.6,0,7.8,healthy,0.90,normal,10.5,71.0,270,R04C01,row_4,32
2026-09-04 00:00,20.6,81.2,62.2,0,0.0,healthy,0.88,normal,9.4,10.7,90,R01C01,row_1,33
2026-09-04 01:00,17.1,71.0,62.6,0,0.0,healthy,0.93,normal,28.7,10.3,90,R01C02,row_1,33
2026-09-04 02:00,21.1,69.4,62.3,0,0.0,healthy,0.83,normal,48.5,9.8,90,R01C03,row_1,33
2026-09-04 03:00,22.3,67.1,61.6,0,0.0,pest,0.77,normal,69.1,9.4,90,R01C04,row_1,33
2026-09-04 04:00,22.8,68.1,61.1,0,0.0,healthy,0.94,normal,90.1,9.1,90,R01C05,row_1,33
2026-09-04 05:00,24.7,65.2,60.3,0,0.0,healthy,0.89,normal,111.0,9.0,90,R01C06,row_1,33
2026-09-04 06:00,28.3,65.4,59.1,0,0.0,unknown,0.32,normal,111.5,29.2,270,R02C06,row_2,33
2026-09-04 07:00,30.8,61.5,57.9,206,0.0,healthy,0.92,normal,91.3,29.5,270,R02C05,row_2,33
2026-09-04 08:00,30.4,61.0,56.4,476,0.0,healthy,0.95,normal,70.4,30.0,270,R02C04,row_2,33
2026-09-04 09:00,34.5,61.0,55.4,708,0.0,pest,0.68,normal,49.4,30.5,270,R02C03,row_2,33
2026-09-04 10:00,34.9,56.1,53.8,714,0.0,healthy,0.88,normal,28.7,30.8,270,R02C02,row_2,33
2026-09-04 11:00,33.4,55.1,52.6,783,0.0,healthy,0.83,normal,8.5,31.0,270,R02C01,row_2,33
2026-09-04 12:00,36.8,54.2,51.1,812,0.0,healthy,0.85,normal,9.1,50.9,90,R03C01,row_3,33
2026-09-04 13:00,35.7,69.8,49.5,917,0.0,healthy,0.92,normal,30.1,50.6,90,R03C02,row_3,33
2026-09-04 14:00,34.9,62.3,48.2,795,0.0,healthy,0.87,normal,51.0,50.1,90,R03C03,row_3,33
2026-09-04 15:00,32.6,51.1,46.8,643,0.0,healthy,0.96,normal,71.5,49.6,90,R03C04,row_3,33
2026-09-04 16:00,32.3,63.2,45.3,490,0.0,healthy,0.95,normal,91.2,49.2,90,R03C05,row_3,33
2026-09-04 17:00,29.4,60.9,44.0,220,0.0,healthy,0.95,normal,110.4,49.0,90,R03C06,row_3,33
2026-09-04 18:00,27.0,66.8,42.8,0,0.0,unknown,0.33,normal,109.4,69.0,270,R04C06,row_4,33
2026-09-04 19:00,24.2,70.1,42.5,0,0.0,healthy,0.88,normal,88.6,69.3,270,R04C05,row_4,33
2026-09-04 20:00,23.5,72.6,42.3,0,0.0,healthy,0.90,normal,68.5,69.7,270,R04C04,row_4,33
2026-09-04 21:00,19.1,64.9,42.2,0,0.0,healthy,0.96,normal,49.1,70.2,270,R04C03,row_4,33
2026-09-04 22:00,19.5,73.4,42.4,0,0.0,healthy,0.84,normal,30.1,70.7,270,R04C02,row_4,33
2026-09-04 23:00,19.1,80.9,42.8,0,0.0,healthy,0.88,normal,11.1,70.9,270,R04C01,row_4,33
2026-09-05 00:00,18.7,76.6,42.7,0,0.0,healthy,0.95,normal,11.5,11.0,90,R01C01,row_1,34
2026-09-05 01:00,18.9,73.4,42.5,0,0.0,healthy,0.83,normal,31.2,10.8,90,R01C02,row_1,34
2026-09-05 02:00,19.9,79.6,42.5,0,0.0,healthy,0.93,normal,50.4,10.4,90,R01C03,row_1,34
2026-09-05 03:00,21.4,72.2,42.3,0,0.0,healthy,0.91,normal,69.4,9.9,90,R01C04,row_1,34
2026-09-05 04:00,22.1,70.1,45.9,0,4.5,healthy,0.85,normal,88.6,9.4,90,R01C05,row_1,34
2026-09-05 05:00,25.0,67.6,53.1,0,8.2,waterlogging,0.80,normal,108.6,9.1,90,R01C06,row_1,34
2026-09-05 06:00,26.2,69.0,54.6,0,2.5,healthy,0.90,normal,109.1,29.0,270,R02C06,row_2,34
2026-09-05 07:00,29.2,67.9,53.3,246,0.0,healthy,0.90,normal,90.1,29.1,270,R02C05,row_2,34
2026-09-05 08:00,32.0,65.2,52.2,502,0.0,healthy,0.84,normal,71.1,29.5,270,R02C04,row_2,34
2026-09-05 09:00,33.9,68.9,51.4,693,0.0,healthy,0.85,normal,51.5,29.9,270,R02C03,row_2,34
2026-09-05 10:00,32.2,71.4,50.1,748,0.0,healthy,0.88,normal,31.2,30.4,270,R02C02,row_2,34
2026-09-05 11:00,33.1,67.6,48.6,863,0.0,healthy,0.93,normal,10.4,30.8,270,R02C01,row_2,34
2026-09-05 12:00,35.3,61.2,47.3,787,0.0,healthy,0.86,normal,9.3,51.0,90,R03C01,row_3,34
2026-09-05 13:00,33.2,59.2,45.9,794,0.0,pest,0.75,normal,28.6,50.9,90,R03C02,row_3,34
2026-09-05 14:00,35.1,60.8,43.6,714,0.0,healthy,0.97,normal,48.6,50.6,90,R03C03,row_3,34
2026-09-05 15:00,31.4,60.8,42.0,632,0.0,healthy,0.85,normal,69.2,50.2,90,R03C04,row_3,34
2026-09-05 16:00,29.0,70.1,40.4,487,0.0,pest,0.75,normal,90.2,49.7,90,R03C05,row_3,34
2026-09-05 17:00,26.1,60.3,39.2,217,0.0,healthy,0.91,normal,111.1,49.3,90,R03C06,row_3,34
2026-09-05 18:00,25.3,69.6,39.0,0,0.0,healthy,0.83,normal,111.5,69.0,270,R04C06,row_4,34
2026-09-05 19:00,23.1,69.0,39.1,0,0.0,healthy,0.92,normal,91.2,69.0,270,R04C05,row_4,34
2026-09-05 20:00,23.2,76.6,39.0,0,0.0,healthy,0.96,normal,70.3,69.3,270,R04C04,row_4,34
2026-09-05 21:00,20.5,71.0,38.8,0,0.0,healthy,0.85,normal,49.3,69.7,270,R04C03,row_4,34
2026-09-05 22:00,18.7,77.2,39.1,0,0.0,healthy,0.84,normal,28.6,70.2,270,R04C02,row_4,34
2026-09-05 23:00,19.7,82.2,39.4,0,0.0,healthy,0.94,normal,8.6,70.6,270,R04C01,row_4,34
2026-09-06 00:00,17.3,69.8,39.6,0,0.0,healthy,0.92,normal,9.2,10.9,90,R01C01,row_1,35
2026-09-06 01:00,16.3,78.4,39.2,0,0.0,healthy,0.85,normal,30.2,11.0,90,R01C02,row_1,35
2026-09-06 02:00,22.6,77.5,38.8,0,0.0,healthy,0.86,normal,51.1,10.8,90,R01C03,row_1,35
2026-09-06 03:00,19.6,80.4,38.6,0,0.0,healthy,0.83,normal,71.5,10.5,90,R01C04,row_1,35
2026-09-06 04:00,20.5,75.9,38.3,0,0.0,healthy,0.93,normal,91.2,10.0,90,R01C05,row_1,35
2026-09-06 05:00,24.6,74.6,38.7,0,0.0,healthy,0.96,normal,110.3,9.5,90,R01C06,row_1,35
2026-09-06 06:00,25.0,66.6,38.2,0,0.0,healthy,0.84,normal,109.3,29.1,270,R02C06,row_2,35
2026-09-06 07:00,29.7,59.6,37.0,232,0.0,healthy,0.90,normal,88.6,29.0,270,R02C05,row_2,35
2026-09-06 08:00,31.2,61.6,35.5,499,0.0,healthy,0.90,normal,68.6,29.1,270,R02C04,row_2,35
2026-09-06 09:00,30.6,56.3,34.4,604,0.0,healthy,0.87,normal,49.2,29.4,270,R02C03,row_2,35
2026-09-06 10:00,32.8,67.6,32.6,681,0.0,healthy,0.83,normal,30.2,29.9,270,R02C02,row_2,35
2026-09-06 11:00,33.6,64.1,31.4,835,0.0,healthy,0.88,normal,11.1,30.4,270,R02C01,row_2,35
2026-09-06 12:00,32.5,66.9,29.3,987,0.0,healthy,0.92,normal,11.5,50.8,90,R03C01,row_3,35
2026-09-06 13:00,33.2,66.5,28.1,806,0.0,healthy,0.87,normal,31.2,51.0,90,R03C02,row_3,35
2026-09-06 14:00,34.5,61.3,26.4,760,0.0,healthy,0.93,normal,50.3,51.0,90,R03C03,row_3,35
2026-09-06 15:00,31.2,57.8,25.1,682,0.0,healthy,0.82,normal,69.3,50.7,90,R03C04,row_3,35
2026-09-06 16:00,29.6,61.1,24.1,393,0.0,healthy,0.94,normal,88.6,50.3,90,R03C05,row_3,35
2026-09-06 17:00,28.0,61.0,23.0,224,0.0,healthy,0.85,normal,108.6,49.8,90,R03C06,row_3,35
2026-09-06 18:00,24.0,56.0,22.3,0,0.0,healthy,0.88,normal,109.2,69.3,270,R04C06,row_4,35
2026-09-06 19:00,21.9,66.1,22.2,0,0.0,healthy,0.88,normal,90.2,69.1,270,R04C05,row_4,35
2026-09-06 20:00,21.1,80.6,22.7,0,0.0,healthy,0.84,normal,71.1,69.0,270,R04C04,row_4,35
2026-09-06 21:00,21.0,82.4,22.6,0,0.0,healthy,0.87,normal,51.5,69.2,270,R04C03,row_4,35
2026-09-06 22:00,20.0,74.3,22.7,0,0.0,healthy,0.92,normal,31.2,69.6,270,R04C02,row_4,35
2026-09-06 23:00,18.1,82.4,22.0,0,0.0,healthy,0.90,normal,10.3,70.1,270,R04C01,row_4,35
2026-09-07 00:00,52.0,71.9,21.9,0,0.0,pest,0.83,noisy_temperature_spike,9.3,10.6,90,R01C01,row_1,36
2026-09-07 01:00,17.9,72.9,22.0,0,0.0,healthy,0.91,normal,28.6,10.9,90,R01C02,row_1,36
2026-09-07 02:00,16.9,73.0,21.7,0,0.0,healthy,0.92,normal,48.6,11.0,90,R01C03,row_1,36
2026-09-07 03:00,19.1,75.0,21.8,0,0.0,healthy,0.97,normal,69.3,10.9,90,R01C04,row_1,36
2026-09-07 04:00,22.4,66.4,21.6,0,0.0,healthy,0.86,normal,90.3,10.5,90,R01C05,row_1,36
2026-09-07 05:00,20.4,77.1,21.4,0,0.0,healthy,0.83,normal,111.2,10.0,90,R01C06,row_1,36
2026-09-07 06:00,24.2,76.7,25.2,0,5.2,healthy,0.91,normal,111.5,29.6,270,R02C06,row_2,36
2026-09-07 07:00,25.1,74.7,26.0,196,2.0,healthy,0.87,normal,91.1,29.2,270,R02C05,row_2,36
2026-09-07 08:00,26.9,59.1,33.8,228,9.4,healthy,0.89,normal,70.2,29.0,270,R02C04,row_2,36
2026-09-07 09:00,30.4,70.6,32.5,692,0.0,healthy,0.96,normal,49.2,29.1,270,R02C03,row_2,36
2026-09-07 10:00,31.1,64.1,30.8,818,0.0,healthy,0.91,normal,28.6,29.4,270,R02C02,row_2,36
2026-09-07 11:00,31.6,56.1,29.3,946,0.0,healthy,0.88,normal,8.6,29.8,270,R02C01,row_2,36
2026-09-07 12:00,31.7,66.0,27.9,817,0.0,healthy,0.85,normal,9.3,50.3,90,R03C01,row_3,36
2026-09-07 13:00,30.9,61.1,34.8,502,8.6,healthy,0.96,normal,30.3,50.7,90,R03C02,row_3,36
2026-09-07 14:00,30.7,56.7,41.6,417,8.4,healthy,0.85,normal,51.2,51.0,90,R03C03,row_3,36
2026-09-07 15:00,30.2,68.5,43.0,516,3.8,healthy,0.84,normal,71.5,51.0,90,R03C04,row_3,36
2026-09-07 16:00,27.6,61.2,44.3,372,2.6,healthy,0.89,normal,91.1,50.7,90,R03C05,row_3,36
2026-09-07 17:00,25.9,72.6,44.1,234,0.0,healthy,0.88,normal,110.2,50.3,90,R03C06,row_3,36
2026-09-07 18:00,24.1,68.8,49.5,0,6.0,healthy,0.92,normal,109.2,69.8,270,R04C06,row_4,36
2026-09-07 19:00,21.6,72.2,52.3,0,3.3,healthy,0.94,normal,88.6,69.4,270,R04C05,row_4,36
2026-09-07 20:00,19.3,81.8,62.9,0,11.6,waterlogging,0.71,normal,68.6,69.1,270,R04C04,row_4,36
2026-09-07 21:00,16.1,71.3,65.0,0,7.1,healthy,0.88,normal,49.3,69.0,270,R04C03,row_4,36
2026-09-07 22:00,15.1,77.7,65.0,0,0.0,pest,0.71,normal,30.3,69.2,270,R04C02,row_4,36
2026-09-07 23:00,16.4,85.9,65.0,0,0.0,healthy,0.92,normal,11.2,69.5,270,R04C01,row_4,36
2026-09-08 00:00,15.3,78.2,64.6,0,0.0,unknown,0.31,normal,11.5,10.0,90,R01C01,row_1,37
2026-09-08 01:00,17.5,79.4,64.1,0,0.0,healthy,0.87,normal,31.1,10.5,90,R01C02,row_1,37
2026-09-08 02:00,16.0,77.8,63.9,0,0.0,healthy,0.90,normal,50.2,10.9,90,R01C03,row_1,37
2026-09-08 03:00,18.8,69.0,63.9,0,0.0,healthy,0.85,normal,69.2,11.0,90,R01C04,row_1,37
2026-09-08 04:00,19.0,74.2,63.4,0,0.0,healthy,0.90,normal,88.6,10.9,90,R01C05,row_1,37
2026-09-08 05:00,22.0,72.9,63.4,0,0.0,healthy,0.97,normal,108.6,10.6,90,R01C06,row_1,37
2026-09-08 06:00,24.2,69.5,62.6,0,0.0,healthy,0.92,normal,109.3,30.1,270,R02C06,row_2,37
2026-09-08 07:00,26.7,74.6,61.7,211,0.0,healthy,0.96,normal,90.3,29.6,270,R02C05,row_2,37
2026-09-08 08:00,29.1,66.4,60.8,412,0.0,healthy,0.90,normal,71.2,29.2,270,R02C04,row_2,37
2026-09-08 09:00,29.1,61.2,59.2,716,0.0,unknown,0.34,normal,51.5,29.0,270,R02C03,row_2,37
2026-09-08 10:00,31.9,54.0,57.6,743,0.0,healthy,0.94,normal,31.1,29.1,270,R02C02,row_2,37
2026-09-08 11:00,30.1,75.2,56.0,805,0.0,healthy,0.92,normal,10.2,29.3,270,R02C01,row_2,37
2026-09-08 12:00,31.7,47.8,54.4,858,0.0,healthy,0.89,normal,9.2,49.8,90,R03C01,row_3,37
2026-09-08 13:00,31.9,63.2,52.8,933,0.0,healthy,0.87,normal,28.6,50.2,90,R03C02,row_3,37
2026-09-08 14:00,29.7,61.3,51.2,769,0.0,healthy,0.84,normal,48.6,50.7,90,R03C03,row_3,37
2026-09-08 15:00,29.4,64.8,50.1,606,0.0,healthy,0.88,normal,69.3,50.9,90,R03C04,row_3,37
2026-09-08 16:00,25.1,59.6,49.3,500,0.0,healthy,0.85,normal,90.4,51.0,90,R03C05,row_3,37
2026-09-08 17:00,26.4,65.8,48.5,214,0.0,healthy,0.95,normal,111.2,50.8,90,R03C06,row_3,37
2026-09-08 18:00,22.9,65.5,55.5,0,8.4,waterlogging,0.73,normal,111.5,70.4,270,R04C06,row_4,37
2026-09-08 19:00,21.3,71.9,65.0,0,11.6,waterlogging,0.73,normal,91.1,69.9,270,R04C05,row_4,37
2026-09-08 20:00,19.7,71.3,65.0,0,5.2,healthy,0.85,normal,70.1,69.4,270,R04C04,row_4,37
2026-09-08 21:00,17.0,72.4,64.6,0,0.0,healthy,0.83,normal,49.1,69.1,270,R04C03,row_4,37
2026-09-08 22:00,16.3,70.9,64.2,0,0.0,healthy,0.90,normal,28.6,69.0,270,R04C02,row_4,37
2026-09-08 23:00,14.6,76.9,65.0,0,6.5,healthy,0.90,normal,8.6,69.1,270,R04C01,row_4,37
2026-09-09 00:00,14.8,82.3,65.0,0,11.5,waterlogging,0.79,normal,9.4,9.5,90,R01C01,row_1,38
2026-09-09 01:00,16.0,80.2,64.6,0,0.0,healthy,0.88,normal,30.4,10.0,90,R01C02,row_1,38
2026-09-09 02:00,16.2,78.6,65.0,0,0.0,healthy,0.95,normal,51.2,10.4,90,R01C03,row_1,38
2026-09-09 03:00,17.5,76.5,65.0,0,0.0,healthy,0.90,normal,71.5,10.8,90,R01C04,row_1,38
2026-09-09 04:00,18.6,71.9,64.9,0,0.0,healthy,0.89,normal,91.1,11.0,90,R01C05,row_1,38
2026-09-09 05:00,21.1,82.1,64.5,0,0.0,healthy,0.84,normal,110.1,10.9,90,R01C06,row_1,38
2026-09-09 06:00,23.2,64.9,63.4,0,0.0,healthy,0.95,normal,109.1,30.6,270,R02C06,row_2,38
2026-09-09 07:00,25.7,71.7,62.6,256,0.0,healthy,0.83,normal,88.5,30.2,270,R02C05,row_2,38
2026-09-09 08:00,25.1,77.1,61.6,453,0.0,healthy,0.94,normal,68.7,29.7,270,R02C04,row_2,38
2026-09-09 09:00,28.1,71.8,61.1,668,0.0,healthy,0.86,normal,49.4,29.3,270,R02C03,row_2,38
2026-09-09 10:00,29.3,70.7,64.1,529,5.3,healthy,0.91,normal,30.4,29.0,270,R02C02,row_2,38
2026-09-09 11:00,31.6,66.1,65.0,429,8.6,waterlogging,0.86,normal,11.2,29.0,270,R02C01,row_2,38
2026-09-09 12:00,28.4,63.4,64.0,884,0.0,healthy,0.93,normal,11.5,49.3,90,R03C01,row_3,38
2026-09-09 13:00,30.1,68.6,62.0,877,0.0,healthy,0.83,normal,31.0,49.7,90,R03C02,row_3,38
2026-09-09 14:00,28.8,69.4,60.4,847,0.0,healthy,0.94,normal,50.1,50.2,90,R03C03,row_3,38
2026-09-09 15:00,28.3,52.3,58.9,654,0.0,healthy,0.90,normal,69.1,50.6,90,R03C04,row_3,38
2026-09-09 16:00,28.8,67.8,57.2,495,0.0,healthy,0.88,normal,88.5,50.9,90,R03C05,row_3,38
2026-09-09 17:00,25.8,70.1,56.4,258,0.0,healthy,0.92,normal,108.7,51.0,90,R03C06,row_3,38
2026-09-09 18:00,23.9,59.1,55.7,0,0.0,healthy,0.93,normal,109.4,70.8,270,R04C06,row_4,38
2026-09-09 19:00,19.3,75.2,55.6,0,0.0,healthy,0.95,normal,90.4,70.4,270,R04C05,row_4,38
2026-09-09 20:00,19.2,68.3,55.5,0,0.0,healthy,0.85,normal,71.3,70.0,270,R04C04,row_4,38
2026-09-09 21:00,16.8,80.1,55.6,0,0.0,healthy,0.88,normal,51.5,69.5,270,R04C03,row_4,38
2026-09-09 22:00,18.7,73.3,55.3,0,0.0,pest,0.68,normal,31.0,69.1,270,R04C02,row_4,38
2026-09-09 23:00,14.0,86.0,55.1,0,0.0,healthy,0.92,normal,10.1,69.0,270,R04C01,row_4,38
2026-09-10 00:00,14.0,80.2,55.0,0,0.0,healthy,0.92,normal,9.1,9.1,90,R01C01,row_1,39
2026-09-10 01:00,15.5,82.1,54.7,0,0.0,healthy,0.90,normal,28.5,9.4,90,R01C02,row_1,39
2026-09-10 02:00,18.1,74.7,54.4,0,0.0,healthy,0.86,normal,48.7,9.9,90,R01C03,row_1,39
2026-09-10 03:00,14.6,82.6,54.3,0,0.0,healthy,0.89,normal,69.4,10.4,90,R01C04,row_1,39
2026-09-10 04:00,19.6,64.0,54.1,0,0.0,healthy,0.89,normal,90.5,10.8,90,R01C05,row_1,39
2026-09-10 05:00,19.6,76.1,60.3,0,6.7,healthy,0.84,normal,111.3,11.0,90,R01C06,row_1,39
2026-09-10 06:00,22.9,75.3,65.0,0,8.1,waterlogging,0.77,normal,111.5,30.9,270,R02C06,row_2,39
2026-09-10 07:00,25.2,75.9,64.3,247,0.0,healthy,0.88,normal,91.0,30.7,270,R02C05,row_2,39
2026-09-10 08:00,27.0,62.3,63.3,490,0.0,healthy,0.95,normal,70.0,30.2,270,R02C04,row_2,39
2026-09-10 09:00,28.6,78.3,62.7,604,0.0,healthy,0.96,normal,49.1,29.7,270,R02C03,row_2,39
2026-09-10 10:00,29.2,66.3,61.3,751,0.0,healthy,0.96,normal,28.5,29.3,270,R02C02,row_2,39
2026-09-10 11:00,28.7,70.5,60.3,978,0.0,pest,0.71,normal,8.7,29.0,270,R02C01,row_2,39
2026-09-10 12:00,30.4,55.3,59.2,792,0.0,healthy,0.91,normal,9.5,49.0,90,R03C01,row_3,39
2026-09-10 13:00,31.5,54.0,57.1,970,0.0,healthy,0.96,normal,30.5,49.2,90,R03C02,row_3,39
2026-09-10 14:00,27.3,75.3,56.1,806,0.0,pest,0.69,normal,51.3,49.6,90,R03C03,row_3,39
2026-09-10 15:00,26.7,65.9,55.1,602,0.0,healthy,0.88,normal,71.5,50.1,90,R03C04,row_3,39
2026-09-10 16:00,25.0,67.7,54.3,435,0.0,healthy,0.92,normal,91.0,50.6,90,R03C05,row_3,39
2026-09-10 17:00,23.9,73.4,53.6,215,0.0,healthy,0.85,normal,110.0,50.9,90,R03C06,row_3,39
2026-09-10 18:00,25.3,72.2,52.8,0,0.0,healthy,0.92,normal,109.0,71.0,270,R04C06,row_4,39
2026-09-10 19:00,17.9,78.9,52.3,0,0.0,healthy,0.94,normal,88.5,70.9,270,R04C05,row_4,39
2026-09-10 20:00,17.3,76.1,52.0,0,0.0,healthy,0.84,normal,68.7,70.5,270,R04C04,row_4,39
2026-09-10 21:00,15.7,82.8,52.1,0,0.0,healthy,0.88,normal,49.5,70.0,270,R04C03,row_4,39
2026-09-10 22:00,17.9,70.7,51.9,0,0.0,healthy,0.94,normal,30.5,69.5,270,R04C02,row_4,39
2026-09-10 23:00,14.9,83.1,52.0,0,0.0,healthy,0.87,normal,11.3,69.2,270,R04C01,row_4,39
2026-09-11 00:00,15.6,80.1,52.3,0,0.0,pest,0.82,normal,11.5,9.0,90,R01C01,row_1,40
2026-09-11 01:00,16.0,93.4,59.5,0,8.3,waterlogging,0.82,normal,31.0,9.1,90,R01C02,row_1,40
2026-09-11 02:00,16.8,74.7,60.9,0,2.1,healthy,0.92,normal,50.0,9.4,90,R01C03,row_1,40
2026-09-11 03:00,18.4,79.2,60.5,0,0.0,healthy,0.89,normal,69.0,9.8,90,R01C04,row_1,40
2026-09-11 04:00,17.1,74.4,60.1,0,0.0,healthy,0.93,normal,88.5,10.3,90,R01C05,row_1,40
2026-09-11 05:00,21.7,69.5,64.6,0,5.7,healthy,0.92,normal,108.7,10.7,90,R01C06,row_1,40
2026-09-11 06:00,24.5,74.5,65.0,0,3.9,healthy,0.97,normal,109.5,31.0,270,R02C06,row_2,40
2026-09-11 07:00,25.8,79.1,65.0,202,3.5,healthy,0.95,normal,90.5,31.0,270,R02C05,row_2,40
2026-09-11 08:00,26.5,68.2,65.0,229,11.4,waterlogging,0.73,normal,71.3,30.7,270,R02C04,row_2,40
2026-09-11 09:00,28.5,60.9,64.3,672,0.0,healthy,0.90,normal,51.5,30.3,270,R02C03,row_2,40
2026-09-11 10:00,30.6,53.0,62.5,863,0.0,healthy,0.93,normal,30.9,29.8,270,R02C02,row_2,40
2026-09-11 11:00,30.5,59.2,61.2,867,0.0,healthy,0.89,normal,10.0,29.4,270,R02C01,row_2,40
2026-09-11 12:00,30.2,63.6,59.9,904,0.0,pest,0.66,normal,9.0,49.1,90,R03C01,row_3,40
2026-09-11 13:00,29.8,64.9,59.5,805,0.0,healthy,0.86,normal,28.5,49.0,90,R03C02,row_3,40
2026-09-11 14:00,31.0,51.8,58.2,761,0.0,healthy,0.86,normal,48.7,49.2,90,R03C03,row_3,40
2026-09-11 15:00,29.8,65.5,57.0,552,0.0,pest,0.70,normal,69.5,49.6,90,R03C04,row_3,40
2026-09-11 16:00,26.5,76.8,56.4,468,0.0,healthy,0.96,normal,90.6,50.0,90,R03C05,row_3,40
2026-09-11 17:00,25.0,62.5,55.9,218,0.0,healthy,0.93,normal,111.3,50.5,90,R03C06,row_3,40
2026-09-11 18:00,24.5,69.5,55.6,0,0.0,unknown,0.38,normal,111.5,70.9,270,R04C06,row_4,40
2026-09-11 19:00,18.5,77.8,55.7,0,0.0,healthy,0.94,normal,90.9,71.0,270,R04C05,row_4,40
2026-09-11 20:00,20.5,65.7,55.3,0,0.0,healthy,0.90,normal,69.9,70.9,270,R04C04,row_4,40
2026-09-11 21:00,16.2,73.9,55.4,0,0.0,healthy,0.88,normal,49.0,70.6,270,R04C03,row_4,40
2026-09-11 22:00,15.3,75.9,55.5,0,0.0,healthy,0.91,normal,28.5,70.1,270,R04C02,row_4,40
2026-09-11 23:00,13.7,78.5,55.4,0,0.0,healthy,0.87,normal,8.7,69.6,270,R04C01,row_4,40
2026-09-12 00:00,15.8,79.8,61.8,0,7.0,healthy,0.95,normal,9.6,9.2,90,R01C01,row_1,41
2026-09-12 01:00,15.1,86.3,65.0,0,10.6,waterlogging,0.81,normal,30.6,9.0,90,R01C02,row_1,41
2026-09-12 02:00,12.4,83.2,65.0,0,11.2,waterlogging,0.85,normal,51.3,9.1,90,R01C03,row_1,41
2026-09-12 03:00,17.8,70.5,64.7,0,0.0,healthy,0.91,normal,71.5,9.3,90,R01C04,row_1,41
2026-09-12 04:00,18.4,68.3,64.8,0,0.0,unknown,0.32,normal,90.9,9.8,90,R01C05,row_1,41
2026-09-12 05:00,22.5,73.9,64.2,0,0.0,healthy,0.87,normal,109.9,10.3,90,R01C06,row_1,41
2026-09-12 06:00,24.1,77.0,63.5,0,0.0,healthy,0.86,normal,109.0,30.7,270,R02C06,row_2,41
2026-09-12 07:00,22.6,75.7,63.5,221,0.0,healthy,0.92,normal,88.5,31.0,270,R02C05,row_2,41
2026-09-12 08:00,26.2,58.3,61.8,469,0.0,healthy,0.92,normal,68.8,31.0,270,R02C04,row_2,41
2026-09-12 09:00,30.5,64.5,60.6,692,0.0,healthy,0.95,normal,49.6,30.8,270,R02C03,row_2,41
2026-09-12 10:00,28.4,59.9,59.0,795,0.0,healthy,0.83,normal,30.6,30.4,270,R02C02,row_2,41
2026-09-12 11:00,31.2,56.7,57.3,840,0.0,healthy,0.93,normal,11.3,29.9,270,R02C01,row_2,41
2026-09-12 12:00,31.9,60.6,61.6,639,6.4,healthy,0.93,normal,11.5,49.4,90,R03C01,row_3,41
2026-09-12 13:00,30.9,67.1,64.7,630,4.6,healthy,0.82,normal,30.9,49.1,90,R03C02,row_3,41
2026-09-12 14:00,28.9,62.8,65.0,495,8.0,waterlogging,0.81,normal,49.9,49.0,90,R03C03,row_3,41
2026-09-12 15:00,28.2,67.0,65.0,309,11.4,waterlogging,0.86,normal,69.0,49.1,90,R03C04,row_3,41
2026-09-12 16:00,28.3,62.8,63.4,435,0.0,healthy,0.92,normal,88.5,49.5,90,R03C05,row_3,41
2026-09-12 17:00,26.0,62.4,62.7,217,0.0,healthy,0.82,normal,108.8,50.0,90,R03C06,row_3,41
2026-09-12 18:00,24.5,70.0,62.4,0,0.0,healthy,0.92,normal,109.6,70.5,270,R04C06,row_4,41
2026-09-12 19:00,20.9,76.3,62.4,0,0.0,pest,0.65,normal,90.6,70.8,270,R04C05,row_4,41
2026-09-12 20:00,18.6,81.2,62.5,0,0.0,healthy,0.94,normal,71.4,71.0,270,R04C04,row_4,41
2026-09-12 21:00,17.7,77.1,62.5,0,0.0,healthy,0.96,normal,51.4,70.9,270,R04C03,row_4,41
2026-09-12 22:00,17.3,68.7,65.0,0,4.6,healthy,0.95,normal,30.9,70.6,270,R04C02,row_4,41
2026-09-12 23:00,17.7,77.0,65.0,0,6.4,healthy,0.95,normal,9.9,70.2,270,R04C01,row_4,41
2026-09-13 00:00,15.2,64.9,65.0,0,1.4,healthy,0.88,normal,8.9,9.7,90,R01C01,row_1,42
2026-09-13 01:00,18.3,74.1,65.0,0,7.1,pest,0.63,normal,28.5,9.3,90,R01C02,row_1,42
2026-09-13 02:00,19.2,79.0,64.8,0,0.0,healthy,0.97,normal,48.8,9.0,90,R01C03,row_1,42
2026-09-13 03:00,18.8,75.1,64.8,0,0.0,healthy,0.90,normal,69.6,9.0,90,R01C04,row_1,42
2026-09-13 04:00,21.1,70.0,64.4,0,0.0,healthy,0.89,normal,90.7,9.3,90,R01C05,row_1,42
2026-09-13 05:00,21.5,80.1,64.1,0,0.0,unknown,0.47,normal,111.4,9.7,90,R01C06,row_1,42
2026-09-13 06:00,22.3,71.8,63.3,0,0.0,healthy,0.85,normal,111.4,30.2,270,R02C06,row_2,42
2026-09-13 07:00,27.5,61.0,62.1,213,0.0,healthy,0.83,normal,90.8,30.6,270,R02C05,row_2,42
2026-09-13 08:00,31.2,69.1,60.7,392,0.0,healthy,0.90,normal,69.8,30.9,270,R02C04,row_2,42
2026-09-13 09:00,31.3,56.9,59.0,614,0.0,healthy,0.86,normal,48.9,31.0,270,R02C03,row_2,42
2026-09-13 10:00,30.7,65.1,57.0,842,0.0,unknown,0.30,normal,28.5,30.8,270,R02C02,row_2,42
2026-09-13 11:00,34.0,58.4,55.1,872,0.0,healthy,0.87,normal,8.8,30.4,270,R02C01,row_2,42
2026-09-13 12:00,33.4,61.9,53.6,885,0.0,healthy,0.83,normal,9.7,49.9,90,R03C01,row_3,42
2026-09-13 13:00,31.3,66.7,52.4,873,0.0,pest,0.83,normal,30.7,49.5,90,R03C02,row_3,42
2026-09-13 14:00,29.3,59.7,51.3,687,0.0,unknown,0.43,normal,51.4,49.1,90,R03C03,row_3,42
2026-09-13 15:00,31.0,64.8,50.3,577,0.0,healthy,0.84,normal,71.4,49.0,90,R03C04,row_3,42
